DROP TABLE pembelian;

CREATE TABLE `pembelian` (
  `id_bl` int(10) NOT NULL,
  `faktur` varchar(200) DEFAULT NULL,
  `tgl_bl` date DEFAULT NULL,
  `supp_id` int(10) DEFAULT NULL,
  `jth_tempo` date DEFAULT NULL,
  `item_bl` int(5) DEFAULT NULL,
  `total_bl` int(10) DEFAULT NULL,
  `disk_bl` varchar(50) DEFAULT NULL,
  `byr_bl` int(10) DEFAULT NULL,
  `user_id` int(10) DEFAULT 0,
  `wkt_bl` datetime NOT NULL,
  PRIMARY KEY (`id_bl`)
) ENGINE=InnoDB DEFAULT CHARSET=latin1 COLLATE=latin1_swedish_ci;


INSERT INTO pembelian VALUES
("324737210","fkmks/202503/06714","2025-03-19","934628516","2025-03-13","3","914640","0","914640","0","0000-00-00 00:00:00");


DROP TABLE pembelian_detail;

CREATE TABLE `pembelian_detail` (
  `id_bdet` int(11) NOT NULL AUTO_INCREMENT,
  `beli_id` int(10) NOT NULL,
  `prd_id` int(10) NOT NULL,
  `jml_bdet` int(5) NOT NULL,
  PRIMARY KEY (`id_bdet`)
) ENGINE=InnoDB AUTO_INCREMENT=25 DEFAULT CHARSET=latin1 COLLATE=latin1_swedish_ci;


INSERT INTO pembelian_detail VALUES
("12","799330951","808688290","20"),
("18","831366853","407225435","1"),
("22","324737210","721133310","20"),
("23","324737210","240069434","10"),
("24","324737210","142880167","30");


DROP TABLE pengeluaran;

CREATE TABLE `pengeluaran` (
  `id_lr` int(10) NOT NULL,
  `tgl_lr` date NOT NULL,
  `jns_lr` varchar(150) NOT NULL,
  `nmnl_lr` int(10) NOT NULL,
  `wkt_lr` datetime NOT NULL,
  PRIMARY KEY (`id_lr`)
) ENGINE=InnoDB DEFAULT CHARSET=latin1 COLLATE=latin1_swedish_ci;


INSERT INTO pengeluaran VALUES
("3876","2025-03-20","KANTONGAN","5000","2025-03-20 17:56:34");


DROP TABLE penjualan;

CREATE TABLE `penjualan` (
  `id_jl` int(10) NOT NULL,
  `tgl_jl` date DEFAULT NULL,
  `nama_customer` varchar(100) DEFAULT NULL,
  `item_jl` int(5) DEFAULT NULL,
  `total_jl` int(10) DEFAULT NULL,
  `disk_jl` int(3) DEFAULT NULL,
  `byr_jl` int(10) DEFAULT NULL,
  `user_id` int(10) DEFAULT 0,
  `wkt_jl` datetime NOT NULL,
  `pembayaran` varchar(20) DEFAULT NULL,
  PRIMARY KEY (`id_jl`)
) ENGINE=InnoDB DEFAULT CHARSET=latin1 COLLATE=latin1_swedish_ci;


INSERT INTO penjualan VALUES
("11369","2025-03-20","UMUM","2","9000","0","9000","763572578","2025-03-20 17:48:28",""),
("12877","2025-03-19","UMUM","1","3000","0","3000","259534560","2025-03-19 08:36:38",""),
("13986","2025-03-19","UMUM","1","15000","0","15000","259534560","2025-03-19 08:03:14",""),
("14498","2025-03-19","UMUM","1","3000","0","3000","259534560","2025-03-19 10:34:03",""),
("16060","2025-03-19","UMUM","2","9000","0","9000","259534560","2025-03-19 16:25:35",""),
("16758","2025-03-18","UMUM","2","6000","0","6000","259534560","2025-03-18 19:44:13",""),
("17272","2025-03-19","UMUM","1","16000","0","16000","259534560","2025-03-19 11:58:56",""),
("17577","2025-03-16","UMUM","39","379000","1000","378000","703095392","2025-03-16 23:05:05",""),
("19436","2025-03-20","UMUM","1","28000","0","28000","259534560","2025-03-20 09:40:41",""),
("19837","2025-03-19","UMUM","1","10000","0","10000","259534560","2025-03-19 16:22:41",""),
("19870","2025-03-19","UMUM","1","12000","0","12000","259534560","2025-03-19 10:03:38",""),
("20633","2025-03-17","UMUM","27","425000","0","425000","703095392","2025-03-17 17:30:14",""),
("21184","2025-03-20","UMUM","1","16000","0","16000","763572578","2025-03-20 19:55:08",""),
("23355","2025-03-20","UMUM","1","12000","0","12000","763572578","2025-03-20 20:32:50",""),
("23615","2025-03-19","UMUM","1","3000","0","3000","259534560","2025-03-19 16:16:45",""),
("25174","2025-03-20","UMUM","2","19000","0","19000","259534560","2025-03-20 09:05:20",""),
("25990","2025-03-20","UMUM","2","8000","0","8000","259534560","2025-03-20 09:38:22",""),
("26322","2025-03-18","UMUM","26","256000","0","256000","703095392","2025-03-18 17:03:14",""),
("27106","2025-03-19","UMUM","1","4000","0","4000","259534560","2025-03-19 16:19:49",""),
("28538","2025-03-19","UMUM","1","5000","0","5000","763572578","2025-03-19 17:28:01",""),
("29799","2025-03-17","UMUM","3","29000","0","29000","703095392","2025-03-17 20:45:55",""),
("29915","2025-03-20","UMUM","1","30000","0","30000","763572578","2025-03-20 17:51:32",""),
("31066","2025-03-20","UMUM","4","32000","0","32000","259534560","2025-03-20 14:02:16",""),
("33159","2025-03-17","UMUM","1","25000","0","25000","703095392","2025-03-17 19:55:07",""),
("33210","2025-03-20","UMUM","2","17000","0","17000","259534560","2025-03-20 15:22:49",""),
("34126","2025-03-19","UMUM","1","4000","0","4000","259534560","2025-03-19 08:02:46",""),
("34235","2025-03-19","UMUM","1","4000","0","4000","259534560","2025-03-19 16:21:05",""),
("36179","2025-03-20","UMUM","1","7000","0","7000","763572578","2025-03-20 20:45:47",""),
("38134","2025-03-20","UMUM","1","16000","0","16000","763572578","2025-03-20 17:26:56",""),
("39227","2025-03-19","UMUM","1","1000","0","1000","259534560","2025-03-19 16:32:07",""),
("39714","2025-03-19","UMUM","1","13000","0","13000","259534560","2025-03-19 13:59:06",""),
("40764","2025-03-18","UMUM","1","9000","0","9000","703095392","2025-03-18 17:04:47",""),
("41457","2025-03-17","UMUM","1","6000","0","6000","703095392","2025-03-17 17:41:31",""),
("42065","2025-03-20","UMUM","1","16000","0","16000","763572578","2025-03-20 20:00:32",""),
("46475","2025-03-19","UMUM","1","1000","0","1000","259534560","2025-03-19 16:23:05",""),
("48146","2025-03-19","UMUM","1","7000","0","7000","259534560","2025-03-19 15:33:53",""),
("49333","2025-03-18","UMUM","2","8000","0","8000","763572578","2025-03-18 17:43:07",""),
("50434","2025-03-17","UMUM","1","7000","0","7000","703095392","2025-03-17 17:38:47",""),
("52480","2025-03-19","UMUM","1","3000","0","3000","763572578","2025-03-19 16:57:08",""),
("54689","2025-03-20","UMUM","1","10000","0","10000","259534560","2025-03-20 09:40:06",""),
("57247","2025-03-18","UMUM","1","60000","0","60000","259534560","2025-03-18 18:08:24",""),
("59420","2025-03-19","UMUM","2","29000","1000","28000","259534560","2025-03-19 15:43:05",""),
("61103","2025-03-18","UMUM","1","12000","0","12000","259534560","2025-03-18 19:56:06",""),
("61106","2025-03-20","UMUM","2","9000","0","9000","259534560","2025-03-20 12:43:01",""),
("63261","2025-03-19","UMUM","2","8000","0","8000","763572578","2025-03-19 16:52:49",""),
("64595","2025-03-18","UMUM","1","7000","0","7000","259534560","2025-03-18 18:20:39",""),
("65120","2025-03-20","UMUM","1","10000","0","10000","259534560","2025-03-20 09:16:16",""),
("65296","2025-03-17","UMUM","2","11000","0","11000","703095392","2025-03-17 18:04:25",""),
("65986","2025-03-20","UMUM","2","8000","0","8000","763572578","2025-03-20 17:32:13",""),
("67059","2025-03-19","UMUM","1","28000","0","28000","259534560","2025-03-19 16:28:49",""),
("68100","2025-03-19","UMUM","1","21000","0","21000","763572578","2025-03-19 16:54:31",""),
("68884","2025-03-19","UMUM","1","10000","0","10000","259534560","2025-03-19 08:12:21",""),
("69317","2025-03-20","UMUM","2","10000","0","10000","259534560","2025-03-20 15:36:35",""),
("71538","2025-03-19","UMUM","1","15000","0","15000","763572578","2025-03-19 19:53:24",""),
("71674","2025-03-18","UMUM","2","5000","0","5000","259534560","2025-03-18 20:45:09",""),
("71724","2025-03-19","UMUM","1","6000","0","6000","259534560","2025-03-19 10:33:18",""),
("73392","2025-03-20","UMUM","3","35000","0","35000","259534560","2025-03-20 09:22:13",""),
("73679","2025-03-19","UMUM","1","11000","0","11000","763572578","2025-03-19 21:04:39",""),
("74322","2025-03-19","UMUM","2","15000","0","15000","259534560","2025-03-19 14:40:45",""),
("75919","2025-03-20","UMUM","1","2000","0","2000","763572578","2025-03-20 19:03:40",""),
("76368","2025-03-19","UMUM","1","24000","0","24000","259534560","2025-03-19 09:52:47",""),
("76597","2025-03-19","UMUM","1","6000","0","6000","763572578","2025-03-19 16:35:00",""),
("77101","2025-03-20","UMUM","3","14000","0","14000","259534560","2025-03-20 16:38:48",""),
("78413","2025-03-20","UMUM","2","25000","0","25000","763572578","2025-03-20 17:40:58",""),
("80317","2025-03-18","UMUM","1","4000","0","4000","259534560","2025-03-18 19:12:32",""),
("82824","2025-03-19","UMUM","1","4000","0","4000","763572578","2025-03-19 20:48:44",""),
("86463","2025-03-17","UMUM","2","38000","0","38000","703095392","2025-03-17 19:11:37",""),
("87340","2025-03-20","UMUM","1","3000","0","3000","259534560","2025-03-20 16:12:31",""),
("87457","2025-03-19","UMUM","1","3000","0","3000","259534560","2025-03-19 15:59:58",""),
("87599","2025-03-20","UMUM","1","10000","0","10000","763572578","2025-03-20 17:46:49",""),
("87701","2025-03-19","UMUM","1","5000","0","5000","259534560","2025-03-19 08:11:51",""),
("94951","2025-03-17","UMUM","3","17000","0","17000","703095392","2025-03-17 20:40:12",""),
("96808","2025-03-20","UMUM","1","10000","0","10000","763572578","2025-03-20 17:42:21",""),
("97926","2025-03-20","UMUM","1","7000","0","7000","259534560","2025-03-20 13:54:35","");


DROP TABLE penjualan_detail;

CREATE TABLE `penjualan_detail` (
  `id_jdet` int(11) NOT NULL AUTO_INCREMENT,
  `jual_id` int(10) NOT NULL,
  `prd_id` int(10) NOT NULL,
  `jml_jdet` int(5) NOT NULL,
  PRIMARY KEY (`id_jdet`)
) ENGINE=InnoDB AUTO_INCREMENT=461 DEFAULT CHARSET=latin1 COLLATE=latin1_swedish_ci;


INSERT INTO penjualan_detail VALUES
("172","17577","673622010","1"),
("175","17577","289733539","1"),
("176","17577","628924363","1"),
("178","17577","736304532","1"),
("179","17577","546928372","1"),
("180","17577","111304134","1"),
("181","17577","870362480","1"),
("183","17577","244557476","1"),
("184","17577","548214977","2"),
("185","17577","642698173","1"),
("189","17577","968489753","1"),
("190","17577","476083563","1"),
("191","17577","717753193","1"),
("193","17577","808688290","1"),
("194","17577","194108075","1"),
("195","17577","737742308","2"),
("196","17577","572062064","1"),
("197","17577","894111885","1"),
("198","17577","820149727","1"),
("202","17577","901654121","1"),
("205","17577","492972304","2"),
("206","17577","835962125","1"),
("207","17577","986617992","1"),
("209","17577","615419678","2"),
("210","17577","735230297","2"),
("211","17577","315261407","1"),
("212","17577","855877391","1"),
("213","17577","618471172","1"),
("215","17577","483543507","2"),
("217","17577","924714372","2"),
("218","17577","797779576","2"),
("220","17577","492277260","3"),
("221","17577","316779332","2"),
("222","17577","455865902","2"),
("223","17577","368068892","3"),
("224","17577","293261893","1"),
("225","17577","398197109","1"),
("226","17577","126916792","3"),
("227","17577","434811671","4"),
("230","20633","991288677","1"),
("231","20633","860151465","1"),
("232","20633","814388867","2"),
("235","20633","618471172","1"),
("236","20633","294525643","1"),
("237","20633","209883768","1"),
("239","20633","279990580","2"),
("240","20633","467667769","2"),
("241","20633","547359843","2"),
("242","20633","890654729","1"),
("243","20633","736304532","4"),
("244","20633","818656277","2"),
("245","20633","146246533","2"),
("246","20633","185314960","4"),
("247","20633","495001521","1"),
("248","20633","326225599","1"),
("249","20633","344120173","1"),
("250","20633","735230297","2"),
("251","20633","594913213","1"),
("253","20633","801168513","2"),
("255","20633","763888611","10"),
("256","20633","885018081","1"),
("257","20633","279705682","2"),
("258","20633","399351200","1"),
("259","20633","300327619","1"),
("260","20633","968489753","1"),
("261","20633","476083563","2"),
("262","50434","455678041","1"),
("263","48466","717212474","2"),
("264","41457","717212474","2"),
("265","65296","171934800","1"),
("266","65296","773542629","1"),
("267","86463","961155200","1"),
("268","86463","341011106","1"),
("269","33159","514576630","1"),
("270","94951","801168513","1"),
("271","94951","515306495","1"),
("272","94951","717212474","1"),
("273","29799","792492899","1"),
("274","29799","495001521","1"),
("275","29799","278936434","1"),
("277","26322","405489475","1"),
("278","26322","938456993","1"),
("279","26322","426308572","2"),
("280","26322","548214977","1"),
("282","26322","737742308","1"),
("283","26322","366940117","1"),
("284","26322","272920130","1"),
("285","26322","648232688","1"),
("286","26322","618471172","2"),
("287","26322","279705682","4"),
("290","26322","315261407","1"),
("291","26322","485311795","1"),
("292","26322","829381690","1"),
("293","26322","850052180","3"),
("294","26322","908990617","1"),
("295","26322","195190346","1"),
("296","26322","113716324","1"),
("297","26322","326225599","1"),
("298","26322","870362480","4"),
("299","26322","797779576","2");
INSERT INTO penjualan_detail VALUES
("300","26322","837119223","1"),
("301","26322","739183378","1"),
("302","26322","185314960","1"),
("304","26322","570990639","2"),
("305","26322","613747456","1"),
("306","26322","888400073","1"),
("307","40764","456981384","1"),
("311","59292","619455571","5"),
("323","49333","572062064","1"),
("324","49333","282414158","1"),
("327","34028","148733236","1"),
("328","57247","148733236","1"),
("330","64595","885018081","1"),
("331","80317","713597267","1"),
("333","16758","424626489","1"),
("334","16758","492277260","1"),
("335","61103","618471172","4"),
("336","71674","315261407","1"),
("337","71674","434811671","2"),
("361","39409","619455571","1"),
("363","34126","348665479","1"),
("364","13986","405489475","1"),
("366","87701","171723852","5"),
("367","68884","888400073","1"),
("368","12877","808688290","1"),
("369","76368","385155933","1"),
("370","19870","548214977","2"),
("371","71724","630358913","1"),
("372","14498","579292773","1"),
("373","17272","230733842","2"),
("376","39714","717753193","1"),
("378","74322","368068892","2"),
("379","74322","504773569","1"),
("380","48146","792908436","1"),
("381","59420","721136112","1"),
("383","59420","484849165","6"),
("384","87457","808688290","1"),
("385","23615","424626489","1"),
("386","27106","315261407","1"),
("387","34235","315261407","1"),
("388","19837","850052180","2"),
("389","46475","279990580","2"),
("391","16060","612814547","1"),
("392","16060","279990580","2"),
("393","67059","938456993","1"),
("394","39227","279990580","2"),
("395","76597","606049713","3"),
("396","63261","368068892","1"),
("397","63261","492277260","1"),
("398","68100","190177294","1"),
("399","52480","461253261","1"),
("401","28538","326225599","1"),
("402","71538","405489475","1"),
("403","82824","398197109","1"),
("405","73679","263889676","1"),
("406","25174","885018081","2"),
("407","25174","492972304","1"),
("408","65120","368068892","2"),
("409","73392","548214977","2"),
("410","73392","642698173","1"),
("411","73392","870949195","1"),
("413","25990","777192113","1"),
("414","25990","808688290","1"),
("416","54689","566834827","10"),
("417","19436","961155200","1"),
("418","61106","777192113","1"),
("423","61106","743114922","1"),
("426","97926","797779576","1"),
("427","31066","375001672","1"),
("428","31066","137473272","1"),
("429","31066","291058561","2"),
("430","31066","908990617","1"),
("431","33210","717212474","2"),
("432","33210","506226518","1"),
("433","69317","986617992","1"),
("434","69317","493173831","1"),
("435","87340","717212474","1"),
("437","77101","269591083","1"),
("438","77101","492277260","1"),
("439","77101","523055583","1"),
("440","38134","344120173","1"),
("441","65986","185314960","1"),
("442","65986","282414158","1"),
("443","78413","763888611","1"),
("444","78413","454030815","1"),
("445","96808","495001521","1"),
("446","87599","814388867","2"),
("447","11369","585047470","1"),
("448","11369","870949195","1"),
("449","29915","548214977","5"),
("450","75919","606049713","1"),
("451","21184","818656277","2"),
("452","42065","142880167","1"),
("454","23355","992237316","4"),
("455","36179","797779576","1");


DROP TABLE penjualan_tdk_tercatat;

CREATE TABLE `penjualan_tdk_tercatat` (
  `id_ptt` int(10) NOT NULL,
  `tgl_ptt` date NOT NULL,
  `nmnl_ptt` int(15) NOT NULL,
  `wkt_ptt` datetime NOT NULL,
  PRIMARY KEY (`id_ptt`)
) ENGINE=MyISAM DEFAULT CHARSET=utf8mb3 COLLATE=utf8mb3_general_ci;


INSERT INTO penjualan_tdk_tercatat VALUES
("4745","2025-03-17","56000","2025-03-17 17:42:35"),
("2267","2025-03-16","98000","2025-03-16 23:05:37"),
("3733","2025-03-18","73000","2025-03-18 17:04:26"),
("3127","2025-03-19","170000","2025-03-19 16:30:57"),
("4387","2025-03-19","94000","2025-03-19 20:30:51"),
("1242","2025-03-19","15000","2025-03-19 21:05:14"),
("5133","2025-03-20","8000","2025-03-20 16:51:33"),
("3335","2025-03-20","191000","2025-03-20 20:46:15");


DROP TABLE produk;

CREATE TABLE `produk` (
  `id_prd` int(10) NOT NULL,
  `nama_prd` varchar(200) NOT NULL,
  `stn_id` int(10) NOT NULL,
  `beli_prd` int(10) NOT NULL,
  `jual_prd` int(10) NOT NULL,
  `stok_prd` int(5) NOT NULL,
  `tgl_ed` date DEFAULT NULL,
  `wkt_prd` datetime NOT NULL,
  PRIMARY KEY (`id_prd`)
) ENGINE=InnoDB DEFAULT CHARSET=latin1 COLLATE=latin1_swedish_ci;


INSERT INTO produk VALUES
("7635890","AZARINE ACTIVE BRIGHT BRIGHT FACIAL FOAM 50GR/72","398907743","5000","10000","2","2024-11-21","2022-11-22 22:45:16"),
("7635891","AZARINE MOISTURIZER BARRIER INTENSE LUMINOUS 30GR","398907743","5000","10000","2","2024-11-21","2022-11-22 22:45:16"),
("7635892","AZARINE SERUM HYDRAMAX-C SUNSCREEN SPF50 40ML/72","398907743","5000","10000","2","2024-11-21","2022-11-22 22:45:16"),
("7635893","AZARINE MARVEL SERUM NIACINAMIDE 5% MOIST 20 ML/72","398907743","5000","10000","2","2024-11-21","2022-11-22 22:45:16"),
("7635894","AZARINE MARVEL SERUM RETINOL SMOOTH GLOW 20 ML/72","398907743","5000","10000","2","2024-11-21","2022-11-22 22:45:16"),
("7635895","AZARINE MARVEL SERUM ACNE SPOT 20 ML/72","398907743","5000","10000","2","2024-11-21","2022-11-22 22:45:16"),
("7635896","AZARINE MARVEL SERUM AHA-BHA-PHA PEELING 20 ML/72","398907743","5000","10000","2","2024-11-21","2022-11-22 22:45:16"),
("7635897","AZARINE FACIAL CLEANSER BRIGHTENING 60ML","398907743","5000","10000","2","2024-11-21","2022-11-22 22:45:16"),
("7635898","AZARINE MARVEL SERUM RETINOL COMPLEX 5X 20ML/48","398907743","5000","10000","2","2024-11-21","2022-11-22 22:45:16"),
("7635899","AZARINE MOISTURIZER BARRIER ADVANCED YOUTH 30GR","398907743","5000","10000","2","2024-11-21","2022-11-22 22:45:16"),
("7635900","AZARINE C WHITE U.HYDRAGROW DAY CREAM SPF30 25GR","398907743","5000","10000","2","2024-11-21","2022-11-22 22:45:16"),
("7635901","AZARINE MARVEL SERUM BRIGHTENING C-GLOW 20 ML/72","398907743","5000","10000","2","2024-11-21","2022-11-22 22:45:16"),
("7635902","BARENBLISS TRUE BEAUTY INSIDE CUSHION 03","398907743","5000","10000","2","2024-11-21","2022-11-22 22:45:16"),
("7635903","BARENBLISS NO GRAVITY TANSFERPROOF MATTE LIPSTICK 03 VENUS CORAL","398907743","5000","10000","2","2024-11-21","2022-11-22 22:45:16"),
("7635904","BARENBLISS NO GRAVITY TANSFERPROOF MATTE LIPSTICK 08 EARTH BERRY","398907743","5000","10000","2","2024-11-21","2022-11-22 22:45:16"),
("7635905","BARENBLISS  APPLE MAKES ADORABLE MOUSSE TINT 01","398907743","5000","10000","2","2024-11-21","2022-11-22 22:45:16"),
("7635906","BARENBLISS  APPLE MAKES ADORABLE MOUSSE TINT 02","398907743","5000","10000","2","2024-11-21","2022-11-22 22:45:16"),
("7635907","BARENBLISS  APPLE MAKES ADORABLE MOUSSE TINT 03","398907743","5000","10000","2","2024-11-21","2022-11-22 22:45:16"),
("7635908","BARENBLISS  APPLE MAKES ADORABLE MOUSSE TINT 04","398907743","5000","10000","2","2024-11-21","2022-11-22 22:45:16"),
("7635909","BARENBLISS  APPLE MAKES ADORABLE MOUSSE TINT 05","398907743","5000","10000","2","2024-11-21","2022-11-22 22:45:16"),
("7635910","BARENBLISS  APPLE MAKES ADORABLE MOUSSE TINT 06","398907743","5000","10000","2","2024-11-21","2022-11-22 22:45:16"),
("7635911","BARENBLISS PEACH MAKES PERFECT LIP TINT 13","398907743","5000","10000","2","2024-11-21","2022-11-22 22:45:16"),
("7635912","BARENBLISS PEACH MAKES PERFECT LIP TINT 12","398907743","5000","10000","2","2024-11-21","2022-11-22 22:45:16"),
("7635913","BARENBLISS PEACH MAKES PERFECT LIP TINT 09","398907743","5000","10000","2","2024-11-21","2022-11-22 22:45:16"),
("7635914","BARENBLISS PEACH MAKES PERFECT LIP TINT 01","398907743","5000","10000","2","2024-11-21","2022-11-22 22:45:16"),
("7635915","BARENBLISS PEACH MAKES PERFECT LIP TINT 06","398907743","5000","10000","2","2024-11-21","2022-11-22 22:45:16"),
("7635916","BARENBLISS FULL BLOOM MATTE TINT 10","398907743","5000","10000","2","2024-11-21","2022-11-22 22:45:16"),
("7635917","BARENBLISS FULL BLOOM MATTE TINT 11","398907743","5000","10000","2","2024-11-21","2022-11-22 22:45:16"),
("7635918","BARENBLISS FULL BLOOM MATTE TINT 06","398907743","5000","10000","2","2024-11-21","2022-11-22 22:45:16"),
("7635919","BARENBLISS FULL BLOOM MATTE TINT 05","398907743","5000","10000","2","2024-11-21","2022-11-22 22:45:16"),
("7635920","BARENBLISS CHERRY MAKES CHEERFULL LIP VELVET 01","398907743","5000","10000","2","2024-11-21","2022-11-22 22:45:16"),
("7635921","BARENBLISS CHERRY MAKES CHEERFULL LIP VELVET 02","398907743","5000","10000","2","2024-11-21","2022-11-22 22:45:16"),
("7635922","BARENBLISS CHERRY MAKES CHEERFULL LIP VELVET 03","398907743","5000","10000","2","2024-11-21","2022-11-22 22:45:16"),
("7635923","BARENBLISS CHERRY MAKES CHEERFULL LIP VELVET 04","398907743","5000","10000","2","2024-11-21","2022-11-22 22:45:16"),
("7635924","BARENBLISS CHERRY MAKES CHEERFULL LIP VELVET 05","398907743","5000","10000","2","2024-11-21","2022-11-22 22:45:16"),
("7635925","BARENBLISS CHERRY MAKES CHEERFULL LIP VELVET 06","398907743","5000","10000","2","2024-11-21","2022-11-22 22:45:16"),
("7635926","BARENBLISS CHERRY MAKES CHEERFULL LIP VELVET 11","398907743","5000","10000","2","2024-11-21","2022-11-22 22:45:16"),
("7635927","BARENBLISS CHERRY MAKES CHEERFULL LIP VELVET 13","398907743","5000","10000","2","2024-11-21","2022-11-22 22:45:16"),
("7635928","BARENBLISS CHERRY MAKES CHEERFULL LIP VELVET 14","398907743","5000","10000","2","2024-11-21","2022-11-22 22:45:16"),
("7635929","EMINA SUN BATTLE BRIGHT GLOW SPF 35 20ML","398907743","5000","10000","2","2024-11-21","2022-11-22 22:45:16"),
("7635930","EMINA SUN BATTLE SPF 50 PA+++ BARRIER HYDRA 30ML","398907743","5000","10000","2","2024-11-21","2022-11-22 22:45:16"),
("7635931","EMINA BRIGHT STUFF FACE WASH 100ML","398907743","5000","10000","2","2024-11-21","2022-11-22 22:45:16"),
("7635932","EMINA CREAMATTE PK21","398907743","5000","10000","2","2024-11-21","2022-11-22 22:45:16"),
("7635933","EMINA CREAMATTE OR21","398907743","5000","10000","2","2024-11-21","2022-11-22 22:45:16"),
("7635934","EMINA CREAMATTE PC22","398907743","5000","10000","2","2024-11-21","2022-11-22 22:45:16"),
("7635935","EMINA CREAMATTE PK11","398907743","5000","10000","2","2024-11-21","2022-11-22 22:45:16"),
("7635936","EMINA CREAMATTE BR23","398907743","5000","10000","2","2024-11-21","2022-11-22 22:45:16"),
("7635937","EMINA CREAMATTE RD22","398907743","5000","10000","2","2024-11-21","2022-11-22 22:45:16"),
("7635938","EMINA DAILY MATTE LOOSE POWDER 01 LIGHT BEIGE 20GR","398907743","5000","10000","2","2024-11-21","2022-11-22 22:45:16"),
("7635939","EMINA DAILY MATTE LOOSE POWDER 02 NATURAL BEIG 20G","398907743","5000","10000","2","2024-11-21","2022-11-22 22:45:16"),
("7635940","EMINA SUN BATTLE BRIGHT GLOW SPF 35 50ML","398907743","5000","10000","2","2024-11-21","2022-11-22 22:45:16"),
("7635941","EMINA SUN BATTLE SPF 50 PA+++ CICA ACNE 30ML","398907743","5000","10000","2","2024-11-21","2022-11-22 22:45:16"),
("7635942","EMINA BRIGHT STUFF MOISTURIZING CREAM 20ML","398907743","5000","10000","2","2024-11-21","2022-11-22 22:45:16"),
("7635943","EMINA GLOSSY STAIN 02","398907743","5000","10000","2","2024-11-21","2022-11-22 22:45:16"),
("7635944","EMINA GLOSSY STAIN 04","398907743","5000","10000","2","2024-11-21","2022-11-22 22:45:16"),
("7635945","EMINA GLOSSY STAIN 05","398907743","5000","10000","2","2024-11-21","2022-11-22 22:45:16"),
("7635946","EMINA DAILY MATTE COMPACT POWDER 03 CARAMEL 20GR","398907743","5000","10000","2","2024-11-21","2022-11-22 22:45:16"),
("7635947","EMINA SUN BATTLE SPF 45 PA+++ 30ML","398907743","5000","10000","2","2024-11-21","2022-11-22 22:45:16"),
("7635948","EMINA BRIGHT STUFF FACE WASH 50ML","398907743","5000","10000","2","2024-11-21","2022-11-22 22:45:16"),
("7635949","EMINA BRIGHT STUFF TONE UP CREAM 20ML","398907743","5000","10000","2","2024-11-21","2022-11-22 22:45:16"),
("7635950","EMINA BRIGHT STUFF LOOSE POWDER","398907743","5000","10000","2","2024-11-21","2022-11-22 22:45:16"),
("7635951","FACETOLOGY TRIPLE CARE SUNSCREEN SPF 40 PA+++ 40ML","398907743","5000","10000","2","2024-11-21","2022-11-22 22:45:16"),
("7635952","FACETOLOGY HYDRA CLEANSE MICELLAR WATER 100ML","398907743","5000","10000","2","2024-11-21","2022-11-22 22:45:16"),
("7635953","FACETOLOGY TRIPLE CARE FACIAL GEL CLEANSER 100ML NEW","398907743","5000","10000","2","2024-11-21","2022-11-22 22:45:16"),
("7635954","LUXCRIME COVER CUSHION SPF 35 PA+++ C01 13GR","398907743","5000","10000","2","2024-11-21","2022-11-22 22:45:16"),
("7635955","LUXCRIME COVER CUSHION SPF 35 PA+++ W01 13GR","398907743","5000","10000","2","2024-11-21","2022-11-22 22:45:16"),
("7635956","LUXCRIME LIP VINYL  ADDICT GRAPEFRUIT","398907743","5000","10000","2","2024-11-21","2022-11-22 22:45:16"),
("7635957","LUXCRIME LIP VINYL SHINE ADDICT HIBISCUS","398907743","5000","10000","2","2024-11-21","2022-11-22 22:45:16"),
("7635958","LUXCRIME LIP VINYL SHINE ADDICT PRIMROSE","398907743","5000","10000","2","2024-11-21","2022-11-22 22:45:16"),
("7635959","LUXCRIME  OIL CONTROL TWO WAY CAKE REFF CREAM PUFF","398907743","5000","10000","2","2024-11-21","2022-11-22 22:45:16"),
("7635960","LUXCRIME OIL CONTROL TWO WAY CAKE REFF BUTTERCREAM","398907743","5000","10000","2","2024-11-21","2022-11-22 22:45:16"),
("7635961","LUXCRIME OIL CONTROL TWO WAY CAKE REFF CUSTARD","398907743","5000","10000","2","2024-11-21","2022-11-22 22:45:16"),
("7635962","LUXCRIME ULTRA LIGHT LIP STAIN APRICOT","398907743","5000","10000","2","2024-11-21","2022-11-22 22:45:16"),
("7635963","LUXCRIME ULTRA LIGHT LIP STAIN ROSE SAND","398907743","5000","10000","2","2024-11-21","2022-11-22 22:45:16"),
("7635964","MYB SUPERSTAY VINYL INK 60 4.2ML","398907743","5000","10000","2","2024-11-21","2022-11-22 22:45:16"),
("7635965","MYB SUPERSTAY VINYL INK 10 4.2ML","398907743","5000","10000","2","2024-11-21","2022-11-22 22:45:16"),
("7635966","MYB SUPERSTAY VINYL INK 15 4.2ML","398907743","5000","10000","2","2024-11-21","2022-11-22 22:45:16"),
("7635967","MYB SUPERSTAY VINYL INK 50 4.2ML","398907743","5000","10000","2","2024-11-21","2022-11-22 22:45:16"),
("7635968","MYB SUPERSTAY MATTE INK-VOYAGER 50","398907743","5000","10000","2","2024-11-21","2022-11-22 22:45:16"),
("7635969","MYB SUPERSTAY MATTE INK 130 SELF-STARTER 5ML","398907743","5000","10000","2","2024-11-21","2022-11-22 22:45:16"),
("7635970","MYB SUPERSTAY MATTE INK 118 DANCER 5ML","398907743","5000","10000","2","2024-11-21","2022-11-22 22:45:16"),
("7635971","MYB MASCARA THE FALSIES LASH LIFT WATERPROOF 8.8GR","398907743","5000","10000","2","2024-11-21","2022-11-22 22:45:16"),
("7635972","MYB MASCARA SKY HIGH VERY BLACK 8.8GR","398907743","5000","10000","2","2024-11-21","2022-11-22 22:45:16"),
("7635973","MYB SUPERSTAY MATTE INK 365 5ML","398907743","5000","10000","2","2024-11-21","2022-11-22 22:45:16"),
("7635974","MYB SUPERSTAY MATTE INK 370 5ML","398907743","5000","10000","2","2024-11-21","2022-11-22 22:45:16"),
("7635975","MYB SUPERSTAY MATTE INK 360 DISCOVERER 5ML","398907743","5000","10000","2","2024-11-21","2022-11-22 22:45:16"),
("7635976","SCARLETT BODY SCRUB JOLLY 250ML/48","398907743","5000","10000","2","2024-11-21","2022-11-22 22:45:16"),
("7635977","SCARLETT BODY LOTION JOLLY 300ML","398907743","5000","10000","2","2024-11-21","2022-11-22 22:45:16"),
("7635978","SCARLETT BODY LOTION CHARMING UNGU 300ML","398907743","5000","10000","2","2024-11-21","2022-11-22 22:45:16"),
("7635979","SCARLETT BODY LOTION ROMANSA PUTIH 300ML","398907743","5000","10000","2","2024-11-21","2022-11-22 22:45:16"),
("7635980","SCARLETT BODY LOTION HAPPY (PINK) 300ML/48","398907743","5000","10000","2","2024-11-21","2022-11-22 22:45:16"),
("7635981","SCARLETT BODY LOTION FRESHY KUNING 300ML","398907743","5000","10000","2","2024-11-21","2022-11-22 22:45:16"),
("7635982","SKINTIFIC SERUM 3% TRANEXAMIC ACID 20ML","740540712","5000","10000","8","2024-11-21","2022-11-22 22:45:16"),
("7635983","SKINTIFIC SYMWHITE 377 DARK SPOT SERUM 50ML/12","398907743","5000","10000","2","2024-11-21","2022-11-22 22:45:16"),
("7635984","SKINTIFIC 12% AHA BHA PHA PEELING SOLUTION 30ML","398907743","5000","10000","2","2024-11-21","2022-11-22 22:45:16"),
("7635985","SKINTIFIC 5X CERAMIDE BARRIER MOISTURE GEL 30GR","398907743","5000","10000","2","2024-11-21","2022-11-22 22:45:16"),
("7635986","SKINTIFIC MSH NIACINAMIDE MOISTURE GEL 30GR/96","398907743","5000","10000","2","2024-11-21","2022-11-22 22:45:16"),
("7635987","SKINTIFIC RETINOL MOISTURIZER SKIN RESET 30GR","740540712","5000","10000","2","2024-11-21","2022-11-22 22:45:16"),
("7635988","SKINTIFIC 3X ACID ANTI-ACNE  MOISTURE GEL 30GR","398907743","5000","10000","2","2024-11-21","2022-11-22 22:45:16"),
("7635989","SKINTIFIC GENTLE A-RETINOL RENEWAL SERUM 20 ML/96","398907743","5000","10000","2","2024-11-21","2022-11-22 22:45:16");
INSERT INTO produk VALUES
("7635990","SKINTIFIC 5X CERAMIDE BARRIER REPAIR SERUM 20ML/96","740540712","5000","10000","2","2024-11-21","2022-11-22 22:45:16"),
("7635991","SKINTIFIC SYMWHITE 377 DARK SPOT SERUM 20 ML/12","398907743","5000","10000","2","2024-11-21","2022-11-22 22:45:16"),
("7635992","SKINTIFIC ULTRALIGHT SERUM SUNSCREEN SPF50 20ML/96","398907743","5000","10000","2","2024-11-21","2022-11-22 22:45:16"),
("7635993","SKINTIFIC SERUM 2% SALICYLIC ACID A.ACNE 20ML/96","398907743","5000","10000","2","2024-11-21","2022-11-22 22:45:16"),
("7635994","SKINTIFIC 10% VITAMIN C BRIGHTENING GLOW SERUM 20M","398907743","5000","10000","2","2024-11-21","2022-11-22 22:45:16"),
("7635995","SKINTIFIC SERUM 10% NIACINAMIDE 20ML/96","398907743","5000","10000","2","2024-11-21","2022-11-22 22:45:16"),
("7635996","SKINTIFIC 5X CERAMIDE LOW PH CLEANSER 80ML/96","398907743","5000","10000","2","2024-11-21","2022-11-22 22:45:16"),
("7635997","SKINTIFIC BRIGHTENING CLEANSER NIACINAMIDE 80ML","398907743","5000","10000","2","2024-11-21","2022-11-22 22:45:16"),
("7635998","SKINTIFIC CLAY STICK NIACINAMIDE BRIGHT BOOST 40G","398907743","5000","10000","1","2024-11-21","2022-11-22 22:45:16"),
("7635999","SKINTIFIC ALASKA VOLCANO PORE CLAY STICK 40GR","398907743","5000","10000","2","2024-11-21","2022-11-22 22:45:16"),
("7636000","SKINTIFIC MUGWORT ACNE CLAY STICK 40 GR/12","398907743","5000","10000","2","2024-11-21","2022-11-22 22:45:16"),
("7636001","SKINTIFIC 5X CERAMIDE SOOTHING TONER 80ML/96","398907743","5000","10000","2","2024-11-21","2022-11-22 22:45:16"),
("7636002","SKINTIFIC NIACINAMIDE BRIGHTENING ESSENCE TONER 80ML","398907743","5000","10000","2","2024-11-21","2022-11-22 22:45:16"),
("7636003","SKINTIFIC GLYCOLIC ACID CLARIFYING TONER 80ML/96","398907743","5000","10000","2","2024-11-21","2022-11-22 22:45:16"),
("7636004","SKINTIFIC PURE CENTELA ACNE CALMING TONER 80ML/12","398907743","5000","10000","2","2024-11-21","2022-11-22 22:45:16"),
("7636005","SKINTIFIC TONER 5% AHA BHA PHA EXFOLIATING 80ML/96","398907743","5000","10000","2","2024-11-21","2022-11-22 22:45:16"),
("7636006","SKINTIFIC 5X CERAMIDE SUNSCREEN SERUM 30 ML/96","398907743","5000","10000","2","2024-11-21","2022-11-22 22:45:16"),
("7636007","SOMETHINC SERUM LEVEL 1% ENCAPSULATED RETINOL 20ML","398907743","5000","10000","2","2024-11-21","2022-11-22 22:45:16"),
("7636008","SOMETHINC NIACINAMIDE + MOISTURE BEET SERUM","398907743","5000","10000","2","2024-11-21","2022-11-22 22:45:16"),
("7636009","SOMETHINC SERUM DIAMOND PHYTO STEM CELL 20ML","398907743","5000","10000","2","2024-11-21","2022-11-22 22:45:16"),
("7636010","SOMETHINC HYALURONIC9+ADVANCED+B5 SERUM 20ML","398907743","5000","10000","2","2024-11-21","2022-11-22 22:45:16"),
("7636011","SOMETHINC SERUM LEMONADE WATERLESS VIT C 20ML","398907743","5000","10000","2","2024-11-21","2022-11-22 22:45:16"),
("7636012","SOMETHINC SERUM 2% BHA SALICYLIC ACID 20 ML","398907743","5000","10000","2","2024-11-21","2022-11-22 22:45:16"),
("7636013","SOMETHINC SERUM REVIVE POTION 3% ARBUTIN+BAKUCHIOL","398907743","5000","10000","2","2024-11-21","2022-11-22 22:45:16"),
("7636014","SOMETHINC BAKUCHIOL SKIN PAIR OIL SERUM KUNING 20M","398907743","5000","10000","2","2024-11-21","2022-11-22 22:45:16"),
("7636015","SOMETHINC SERUM HYLAPORE AWAY SOLUTION 20ML","398907743","5000","10000","2","2024-11-21","2022-11-22 22:45:16"),
("7636016","SOMETHINC SERUM DARK SPOT REDUCER 20ML = 60","398907743","5000","10000","2","2024-11-21","2022-11-22 22:45:16"),
("7636017","SOMETHINC CALM DOWN SKINPAIR BARRIER SERUM 20ML","398907743","5000","10000","1","2024-11-21","2022-11-22 22:45:16"),
("7636018","SOMETHINC SERUM RESSURRECT MULTIBIOME 20ML","398907743","5000","10000","2","2024-11-21","2022-11-22 22:45:16"),
("7636019","SOMETHINC SERUM 60% VITAPROPOLIS+BEE V 20ML","398907743","5000","10000","2","2024-11-21","2022-11-22 22:45:16"),
("7636020","THE ORIGINOTE JELLY MASK ROSE B3 BRIGHTENING 50GR","398907743","5000","10000","2","2024-11-21","2022-11-22 22:45:16"),
("7636021","THE ORIGINOTE 24K SYMWHITE JELLY BOOSTER 15ML","398907743","5000","10000","2","2024-11-21","2022-11-22 22:45:16"),
("7636022","THE ORIGINOTE 2 IN 1 LASH&BROW SERUM 9ML/25","398907743","5000","10000","2","2024-11-21","2022-11-22 22:45:16"),
("7636023","THE ORIGINOTE GLUTA-BRIGHTB3 SERUM 20ML","398907743","5000","10000","2","2024-11-21","2022-11-22 22:45:16"),
("7636024","THE ORIGINOTE TXA 377 DARK SPOT SERUM 20ML","398907743","5000","10000","2","2024-11-21","2022-11-22 22:45:16"),
("7636025","THE ORIGINOTE CERATIDES SERUM 20ML","398907743","5000","10000","2","2024-11-21","2022-11-22 22:45:16"),
("7636026","THE ORIGINOTE RETINOL B3 SERUM 20ML","398907743","5000","10000","2","2024-11-21","2022-11-22 22:45:16"),
("7636027","THE ORIGINOTE BIRGHTENING MOISTURIZER 50ML","398907743","5000","10000","2","2024-11-21","2022-11-22 22:45:16"),
("7636028","THE ORIGINOTE ASTACHIOL SERUM 20ML","398907743","5000","10000","2","2024-11-21","2022-11-22 22:45:16"),
("7636029","THE ORIGINOTE EYE SERUM 15GR","398907743","5000","10000","2","2024-11-21","2022-11-22 22:45:16"),
("7636030","THE ORIGINOTE HYALUCERA MOISTURIZER 50GR","398907743","5000","10000","2","2024-11-21","2022-11-22 22:45:16"),
("7636031","THE ORIGINOTE CICA-B5 MOISTURIZER","398907743","5000","10000","2","2024-11-21","2022-11-22 22:45:16"),
("7636032","THE ORIGINOTE CERAMELLA SUNSCREEN SPF 50 PA+++ 50G","398907743","5000","10000","2","2024-11-21","2022-11-22 22:45:16"),
("7636033","THE ORIGINOTE HYALUROSE MICELLAR WATER 300ML","398907743","5000","10000","2","2024-11-21","2022-11-22 22:45:16"),
("7636034","THE ORIGINOTE ACNE SPOT CREAM 10GR","398907743","5000","10000","2","2024-11-21","2022-11-22 22:45:16"),
("7636035","THE ORIGINOTE CICAMIDE FACIAL CLEANSER 70GR","398907743","5000","10000","2","2024-11-21","2022-11-22 22:45:16"),
("7636036","THE ORIGINOTE HYALU-C SERUM 20ML","398907743","5000","10000","2","2024-11-21","2022-11-22 22:45:16"),
("7636037","THE ORIGINOTE BHA CHARCOAL CLAY MASK","398907743","5000","10000","2","2024-11-21","2022-11-22 22:45:16"),
("7636038","THE ORIGINATE LIP OIL SERUM","398907743","5000","10000","2","2024-11-21","2022-11-22 22:45:16"),
("7636039","THE ORIGINOTE ACNE B5 SERUM 20ML","398907743","5000","10000","2","2024-11-21","2022-11-22 22:45:16"),
("7636040","THE ORIGINOTE SUNSCREEN MIST SPF 50PA++++ 50ML","398907743","5000","10000","2","2024-11-21","2022-11-22 22:45:16"),
("7636041","THE ORIGINOTE B3 CLAY STICK MUGWORT 40GR","398907743","5000","10000","2","2024-11-21","2022-11-22 22:45:16"),
("7636042","THE ORIGINOTE BRIGHT B3 SERUM 20ML","398907743","5000","10000","2","2024-11-21","2022-11-22 22:45:16"),
("7636043","YOU SKIN ENERGY FACIAL SERUM FIRM","398907743","5000","10000","2","2024-11-21","2022-11-22 22:45:16"),
("7636044","YOU SKIN ENERGY FACIAL SERUM HYDRATE","398907743","5000","10000","2","2024-11-21","2022-11-22 22:45:16"),
("7636045","YOU THE SIMPLYCITY MATTE LIP COLOR 05 NICE ONE","398907743","5000","10000","2","2024-11-21","2022-11-22 22:45:16"),
("7636046","YOU SKIN ENERGY FACIAL SERUM BALANCE","398907743","5000","10000","2","2024-11-21","2022-11-22 22:45:16"),
("7636047","SAFI UB OIL CNTROL  ACNE CLEANSER CLEANSER 100 ML","398907743","5000","10000","2","2024-11-21","2022-11-22 22:45:16"),
("7636048","SAFI UB PURIFYING CLEANSER 100 GR","398907743","5000","10000","2","2024-11-21","2022-11-22 22:45:16"),
("7636049","SAFI UB PURIFYING CLEANSER 50GR","398907743","5000","10000","2","2024-11-21","2022-11-22 22:45:16"),
("7636050","SAFI UB PURIFYING MAKE UP REMOVER 100ML","398907743","5000","10000","2","2024-11-21","2022-11-22 22:45:16"),
("7636051","SAFI LIGHT FOAM CLEANSER 100GR","398907743","5000","10000","2","2024-11-21","2022-11-22 22:45:16"),
("7636052","SAFI MICELLAR GEL CLEANSER 100GR","398907743","5000","10000","2","2024-11-21","2022-11-22 22:45:16"),
("111304134","FLUTROP","398907743","13000","14000","18","2026-03-16","2025-03-16 11:11:04"),
("113716324","METFORMIN","398907743","2000","3000","75","2025-03-16","2025-03-16 12:28:23"),
("113833340","MADU TJ STRAWBERRY SACHET","594537171","500","1000","21","2028-03-16","2025-03-16 21:21:37"),
("117103907","FLAMAR 50 (NATRIUM DICLOFENAC 50)","123456789","1000","2000","60","2026-03-16","2025-03-16 11:27:12"),
("117683828","METAMIZOLE","398907743","3000","4000","10","2027-03-16","2025-03-16 12:27:52"),
("124251866","SCABIMATE (PERMETHRIN)","811912527","48000","49000","2","2025-03-16","2025-03-16 11:28:13"),
("125148220","CAVIPLEX","398907743","9000","10000","9","2026-03-16","2025-03-16 11:04:19"),
("126916792","LOPERAMID","398907743","2000","3000","3","2027-03-16","2025-03-16 12:29:21"),
("129286717","KLODERMA SALEP","811912527","31000","32000","4","2027-03-16","2025-03-16 11:23:00"),
("137473272","PARAMEX","398907743","2000","3000","48","2026-03-16","2025-03-16 19:05:28"),
("138388952","MASKER BEDAH OM HIJAB ","612432497","34000","35000","5","2027-03-16","2025-03-16 20:44:30"),
("141685837","TRIANTA SYRUP 60 ML","740540712","7000","8000","7","2026-03-16","2025-03-16 14:00:12"),
("141998700","GRATHEOS","398907743","3000","4000","30","2026-03-16","2025-03-16 11:45:31"),
("142335549","MADU ANGKAK SARI KURMA ","740540712","49000","50000","2","2027-03-16","2025-03-16 20:36:33"),
("142880167","LODIA (LOPERAMID)","398907743","12765","16000","28","2027-03-16","2025-03-16 12:29:41"),
("145049293","PANADOL EXTRA","398907743","16000","17000","8","2026-03-16","2025-03-16 19:02:13"),
("145235098","SPOIT 3 CC","811912527","100","1000","3","2026-03-16","2025-03-16 19:39:56"),
("146246533","KASA","811912527","6000","7000","10","2026-03-16","2025-03-16 19:53:18"),
("146593350","HANDSCOON SATUAN","811912527","1000","1000","90","2027-03-16","2025-03-16 20:46:59"),
("148733236","CDR","740540712","59000","60000","0","2027-03-16","2025-03-16 21:14:22"),
("151353649","CANDESARTAN 16","398907743","14000","15000","3","2026-03-16","2025-03-16 11:01:27"),
("152351726","VICKS 44 ANAK SYRUP 54 ML","740540712","26000","27000","6","2026-03-16","2025-03-16 13:47:58"),
("153522703","SUCRALFATE SYRUP 60 ML","740540712","11000","12000","10","2026-03-16","2025-03-16 13:57:52"),
("153544521","TOLAK LINU HERBAL MINT","594537171","3000","4000","8","2027-03-16","2025-03-16 20:19:16"),
("154273301","DEHISTA (CTM)","398907743","2000","3000","20","2026-03-16","2025-03-16 12:47:51"),
("158845499","FLUCADEX SYRUP 60 ML","740540712","14000","15000","5","2026-03-16","2025-03-16 13:38:02"),
("158955177","ROHTO COOL TETES MATA","740540712","19000","20000","8","2025-03-16","2025-03-16 21:03:23"),
("161546990","MELIA PROPOLIS 55 ML","740540712","236000","237000","1","2027-03-16","2025-03-16 20:14:36"),
("166295169","HISTIGO","398907743","5000","6000","7","2026-03-16","2025-03-16 11:52:25"),
("170018612","OXYTETRACYLIN SALEP","811912527","4000","5000","8","2027-03-16","2025-03-16 11:25:03"),
("170990799","BUSCOPAN (HYOSCINE BUTILBROMIDE)","123456789","5000","6000","100","2026-03-16","2025-03-16 10:51:56"),
("171723852","SPOIT 5 CC","811912527","100","1000","5","2026-03-16","2025-03-16 19:39:26"),
("171934800","CANDESARTAN 8 MG","398907743","5000","6000","51","2026-03-16","2025-03-16 10:54:44"),
("177533446","BEDAK CALADINE BIRU","740540712","14000","15000","1","2027-03-16","2025-03-16 12:19:59"),
("178148364","VEGETA HERBAL SACHET","594537171","2000","3000","24","2027-03-16","2025-03-16 20:05:42"),
("178854625","SALEP HITAM","811912527","7000","8000","9","2027-03-16","2025-03-16 11:29:05"),
("180805604","CURCUMA PLUS SYRUP ","740540712","18000","19000","3","2026-03-16","2025-03-16 14:04:00");
INSERT INTO produk VALUES
("183363411","FLUTAMOL SYRUP","740540712","7000","8000","8","2026-03-16","2025-03-16 13:31:36"),
("184442735","LANSOPRAZOLE","398907743","11000","12000","1","2027-03-16","2025-03-16 12:28:53"),
("184772874","MINYAK GPU 60 ML","740540712","19000","20000","6","2027-03-16","2025-03-16 12:09:24"),
("185102019","BEDAK CALADINE HIJAU","740540712","14000","15000","2","2025-03-16","2025-03-16 12:19:20"),
("185314960","PIROXICAM 20 MG","398907743","3000","4000","4","2027-03-16","2025-03-16 11:04:03"),
("185410755","PRONICY","398907743","14000","15000","10","2027-03-16","2025-03-16 10:51:12"),
("187322414","TEMPRA PARACETAMOL SYRUP","740540712","54000","55000","4","2026-03-16","2025-03-16 13:24:18"),
("187613454","BYE-BYE FEVER BABY","594537171","8000","9000","30","2025-03-16","2025-03-16 19:45:47"),
("188721725","FRESH CARE UNGU","740540712","14000","15000","15","2026-03-16","2025-03-16 11:36:13"),
("190177294","AMBEVEN","398907743","20000","21000","8","2027-03-16","2025-03-16 19:59:30"),
("194108075","MELOXICAM 15 MG","398907743","3000","4000","44","2027-03-16","2025-03-16 12:24:33"),
("195190346","MICROLAX ENEMA","398907743","2600","27000","10","2027-03-16","2025-03-16 11:23:35"),
("198574762","BALSEM GELIGA 10 GR","811912527","5000","6000","5","2027-03-16","2025-03-16 12:03:18"),
("198749361","KOOLFEVER BABY","594537171","6000","7000","20","2027-03-16","2025-03-16 19:46:27"),
("201053064","GIZIDAT 130 ML","740540712","69000","70000","1","2027-03-16","2025-03-16 20:12:41"),
("203023339","MADU KURMA SAHARA ORIGINAL","740540712","27000","28000","2","2027-03-16","2025-03-16 20:33:37"),
("209883768","PI KANG SHUANG ","811912527","14000","15000","12","2027-03-16","2025-03-16 11:27:33"),
("211251794","RECALUS","123456789","5500","6500","20","2027-03-16","2025-03-16 10:47:15"),
("211391313","TRIOCID TABLET","398907743","3000","4000","19","2027-03-16","2025-03-16 10:57:20"),
("213307601","MINYAK KAPAK 10 ML","740540712","19000","20000","6","2027-03-16","2025-03-16 11:38:12"),
("215219878","MYLANTA SYRUP 150 ML","740540712","49000","50000","2","2026-03-16","2025-03-16 14:01:38"),
("216174821","NEURODEX","398907743","5000","6000","20","2026-03-16","2025-03-16 12:07:26"),
("216394275","VICKS VAPORUB 25 GR","811912527","24000","25000","4","2027-03-16","2025-03-16 11:59:25"),
("217351369","OB HERBAL 60 ML SYRUP","740540712","18000","19000","2","2026-03-16","2025-03-16 12:50:42"),
("219024523","SPOIT 10 CC","811912527","100","1000","7","2026-03-16","2025-03-16 19:35:28"),
("221335317","TELON LANG PLUS 60 ML","740540712","20000","21000","5","2027-03-16","2025-03-16 12:06:01"),
("224306641","MASKER HIJAB SATUAN","811912527","1000","2000","50","2027-03-16","2025-03-16 21:25:34"),
("230733842","CATAFLAM 50 (NATRIUM DICLOFENAC 50)","123456789","7000","8000","277","2026-03-16","2025-03-16 11:03:21"),
("232501186","CINOLON-N SALEP ","811912527","18000","19000","2","2027-03-16","2025-03-16 11:14:51"),
("232865359","INFUS SET DEWAS","811912527","7000","8000","3","2026-03-16","2025-03-16 19:41:26"),
("233622236","PANADOL","398907743","14000","15000","9","2026-03-16","2025-03-16 19:01:39"),
("235301136","KURAP 19 CAIR","740540712","6000","7000","12","2027-03-16","2025-03-16 21:30:30"),
("235790224","MASKER FACE MASK PUTIH","612432497","34000","35000","1","2025-03-16","2025-03-16 20:42:16"),
("236655557","ALOFAR 300 (ALLOPURINOL 100)","398907743","7000","8000","6","2026-03-16","2025-03-16 10:29:57"),
("237212193","BREATHY TETES HIDUNG 30 ML","740540712","53000","54000","2","2026-03-16","2025-03-16 13:56:11"),
("237608004","AMLODIPIN 10 ","0","2950","5000","16","2026-03-16","2025-03-16 10:15:12"),
("240069434","SANMOL DROP 30 ML","740540712","19869","26000","10","2026-12-19","2025-03-19 21:54:01"),
("240465358","RANITIDIN HCI 150 MG","398907743","3000","4000","16","2026-03-16","2025-03-16 21:35:50"),
("241743917","METOCLOPRAMIDE","398907743","4000","5000","7","2026-03-16","2025-03-16 12:12:07"),
("242022441","MADU HITAM PAHIT PLUS PROPOLIS","740540712","57000","58000","1","2027-03-16","2025-03-16 20:36:00"),
("244435653","AUTOCHECK MULTICHEK","612432497","289000","290000","1","2025-03-16","2025-03-16 20:54:21"),
("244485623","HANSAPLAST ROLL KECIL","811912527","4000","5000","14","2027-03-16","2025-03-16 20:53:00"),
("244557476","INTERHISTIN (MEBHYDROLINE NAPADISYLATE)","398907743","9000","10000","6","2027-03-16","2025-03-16 12:34:07"),
("245734083","RENADINAC 50 (SODIUM DICLOFENAC)","123456789","3000","4000","31","2027-03-16","2025-03-16 10:48:32"),
("249072520","MOLACORT 0,75 (DEXAMETASONE)","398907743","2000","3000","40","2027-03-16","2025-03-16 12:25:34"),
("250028748","KOYO CABE","594537171","14000","15000","19","2027-03-16","2025-03-16 19:51:11"),
("250627939","COTTON BUDA DEWASA 180 PCS","612432497","14000","15000","1","2027-03-16","2025-03-16 21:48:19"),
("251965482","BODREXIN FLU & BATUK TIDAK BERDAHAK DPH SYRUP 56 ML","740540712","14000","15000","3","2026-03-16","2025-03-16 13:44:52"),
("254122733","BEDAK NEO ULTRACYN BABY","740540712","17000","18000","2","2027-03-16","2025-03-16 12:17:59"),
("263441588","CENDO XYTROL MINIDOSE","811912527","6000","7000","45","2027-03-16","2025-03-16 21:05:24"),
("263642172","LEVOFLOXACIN TABLET","398907743","10000","11000","5","2025-03-16","2025-03-16 12:30:09"),
("263889676","BALSEM LANG 20 GR","811912527","10000","11000","1","2027-03-16","2025-03-16 12:03:43"),
("265432759","PROURIC 100 MG (ALLOPURINOL)","398907743","2000","3000","10","2027-03-16","2025-03-16 11:04:53"),
("266603783","PIMTRAKOL SYRUP MERAH 60 ML","740540712","18000","19000","9","2026-03-16","2025-03-16 13:39:19"),
("269591083","TELON LANG ORANGE 15 ML ","740540712","6000","7000","3","2027-03-16","2025-03-16 12:08:23"),
("272892796","MINYAK ANGIN LANG 12 ML","740540712","22000","23000","3","2027-03-16","2025-03-16 11:42:52"),
("272920130","CETRIZENE 10 MG","398907743","2000","3000","74","2026-03-16","2025-03-16 12:30:02"),
("273091932","FEMINAX (ASAM MEFENAMAT)","398907743","3000","4000","25","2027-03-16","2025-03-16 19:25:55"),
("273878877","MINYAK ANGIN LANG 6 ML","740540712","12000","13000","3","2025-03-16","2025-03-16 11:42:25"),
("275625151","PREGABALIN 75 MG","398907743","14000","15000","4","2027-03-16","2025-03-16 11:00:21"),
("278358503","CAPTOPRIL 25 MG","398907743","2000","3000","0","2026-03-16","2025-03-16 12:41:33"),
("278936434","ERLAMCETYN TETES TELINGA","740540712","13000","14000","4","2027-03-16","2025-03-16 21:14:01"),
("279370402","NEURALGIN","398907743","14000","15000","5","2026-03-16","2025-03-16 19:49:49"),
("279705682","IBUPROFEN 400 MG","398907743","3000","4000","19","2027-03-16","2025-03-16 12:33:12"),
("279990580","AIR GELAS","740540712","100","500","992","2027-10-28","2025-03-17 17:04:30"),
("280030595","COTRIMOXAZOLE SYRUP 60 MG","740540712","7000","8000","5","2026-03-16","2025-03-16 14:08:38"),
("282414158","CARBIDU 0,7 (DEXAMETASONE 0,7)","398907743","3000","4000","20","2026-03-16","2025-03-16 10:56:54"),
("282875732","MEPRO SIRUP 100 ML","740540712","19000","20000","8","2026-03-16","2025-03-16 13:50:38"),
("283307534","SUSU ETAWALIN ","612432497","114000","115000","2","2027-03-16","2025-03-16 20:35:13"),
("284493705","INSTO REGULER","740540712","16000","17000","10","2027-03-16","2025-03-16 21:04:46"),
("285213032","NEEDLE INSULIN","811912527","3000","4000","100","2025-03-16","2025-03-16 20:48:19"),
("285734482","KB ANDALAN 1 BULAN","740540712","9000","10000","20","2027-03-16","2025-03-16 21:13:10"),
("288159921","OBAT SAKIT GIGI CAP KAKAK TUA","740540712","15000","16000","4","2027-03-16","2025-03-16 11:38:53"),
("289733539","HUFAGRIPP KUNING SYRUP 60 ML","740540712","25000","26000","3","2026-03-16","2025-03-16 14:17:38"),
("291058561","ANTASIDA DOEN SYRUP 60 ML","740540712","7000","8000","1","2026-03-16","2025-03-16 13:58:48"),
("292469719","VICKS 44 ANAK SYRUP 27 ML","740540712","14000","15000","2","2026-03-16","2025-03-16 13:47:16"),
("293229138","SPOIT 1 CC","811912527","100","1000","5","2026-03-16","2025-03-16 19:38:24"),
("293261893","SUPERTETRA","398907743","9000","10000","36","2027-03-16","2025-03-16 21:43:54"),
("294525643","AMBROXOL TABLET 30 MG","398907743","1770","3000","37","2027-07-01","2025-03-16 10:13:37"),
("296190621","PIMTRAKOL SYRUP PINK 60 ML","740540712","14000","15000","8","2026-03-16","2025-03-16 13:40:50"),
("299992469","ALOFAR 100 MG (ALLOPURINOL100)","398907743","2760","4000","15","2027-03-16","2025-03-16 10:16:39"),
("300068421","OB HERBAL SYRUP 100 ML","740540712","27000","28000","3","2026-03-16","2025-03-16 12:51:37"),
("300327619","MINYAK TAWON DD","740540712","37000","38000","19","2027-03-16","2025-03-16 11:59:47"),
("300857442","BODREXIN","398907743","4000","5000","21","2026-03-16","2025-03-16 19:00:44"),
("302384937","HOT IN CREAM PUTIH","740540712","36000","37000","3","2027-03-16","2025-03-16 12:16:25"),
("306772570","HUFAMAG PLUS SYRUP 60 ML","740540712","9000","10000","2","2026-03-16","2025-03-16 13:59:31"),
("307838139","MIXAGRIP FLU","398907743","3000","4000","67","2027-03-16","2025-03-16 19:24:01"),
("309765787","ANAKONIDIN SYRUP 30 ML","740540712","9000","10000","3","2026-03-16","2025-03-16 14:13:59"),
("310187357","ALLOPURINOL 100 MG","398907743","1770","3000","104","2026-08-01","2025-03-16 10:11:51"),
("311362019","MEDICATED OIL 12 ML","740540712","29000","30000","2","2027-03-16","2025-03-16 12:12:32"),
("311497341","GRAFACHLOR","398907743","4000","5000","30","2026-03-16","2025-03-16 11:37:12"),
("313099914","MADU KURMA SAHARA JAMBU BIJI","740540712","30000","31000","1","2027-03-16","2025-03-16 20:33:02"),
("313971485","COLLING 5 ORANGE (SAKIT GIGI)","740540712","49000","50000","5","2027-03-16","2025-03-16 21:02:39"),
("314268230","VITAMIN B COMPLEX","398907743","4000","5000","11","2027-03-16","2025-03-16 10:54:37"),
("315261407","MIXAGRIP FLU & BATUK","398907743","3000","4000","33","2027-03-16","2025-03-16 19:25:33"),
("316125051","SUSU ETAWAKU","612432497","104000","105000","3","2025-03-16","2025-03-16 20:34:52"),
("316654099","COTRIMOXAZOLE","398907743","9000","10000","9","2026-03-16","2025-03-16 12:40:14"),
("316779332","MICONAZOLE SALEP","811912527","4000","5000","4","2027-03-16","2025-03-16 11:24:06"),
("316823717","MINTAK GREEN OIL 5 ML","740540712","7000","8000","2","2027-03-16","2025-03-16 11:41:04"),
("317526712","NOVAMOX SYRUP 60 ML","740540712","6000","7000","6","2026-03-16","2025-03-16 14:06:43");
INSERT INTO produk VALUES
("321833748","ENTORSTOP TABLET DEWASA","398907743","9000","10000","10","2025-03-16","2025-03-16 19:54:15"),
("323189915","PIROFEL 20 (PIROXICAM(","398907743","21000","25000","5","2027-03-16","2025-03-16 11:01:55"),
("324012938","MASKER TELINGA SATUAN","811912527","1000","2000","50","2027-03-16","2025-03-16 21:25:57"),
("325091600","DIAPET ANAK","594537171","2000","3000","12","2025-03-16","2025-03-16 19:55:47"),
("326225599","ASAM MEFENAMAT","398907743","4000","5000","55","2027-03-16","2025-03-16 12:24:01"),
("337446908","PROMODEX TAB @10","398907743","18500","23000","1","2026-11-22","2022-11-22 22:45:16"),
("338478089","FASIDOL FORTE UNGU SYRUP 60 ML","740540712","9000","10000","1","2026-03-16","2025-03-16 13:18:18"),
("341011106","BALSEM AKTIV","811912527","9000","10000","0","2027-03-16","2025-03-16 12:01:42"),
("342233503","BEDAK CALADINE BABY 150 GR","740540712","14000","15000","3","2027-03-16","2025-03-16 12:20:55"),
("342254433","HUFAGRIPP HIJAU SYRUP 60 ML","740540712","23000","24000","4","2026-03-16","2025-03-16 14:17:02"),
("343392848","LASERIN SYRUP 60 ML","740540712","16000","17000","7","2026-03-16","2025-03-16 12:55:46"),
("343882330","MBK POWDER PUTIH ","0","2000","3000","21","2025-03-16","2025-03-16 20:15:53"),
("344120173","BEDAK HEROCYN 85 GR","740540712","15000","16000","1","2027-03-16","2025-03-16 12:18:29"),
("346951805","ZINC TABLET","398907743","4000","5000","9","2027-03-16","2025-03-16 10:51:55"),
("348360586","TELON LANG ORANG 60 ML","740540712","19000","20000","1","2027-03-16","2025-03-16 12:07:09"),
("348665479","DIATABS (ATTAPULGIT)","398907743","3000","4000","22","2027-03-16","2025-03-16 19:51:47"),
("349352478","TEH MAHKOTA DEWA","612432497","27000","28000","1","2027-03-16","2025-03-16 20:07:18"),
("349972824","LACTO-B","594537171","9000","10000","58","2026-03-16","2025-03-16 13:07:18"),
("351277994","SAFE CARE HIJAU","740540712","19000","20000","14","2025-03-16","2025-03-16 11:34:38"),
("352065295","TIFALSIC (PARACETAMOL & IBUPROFEN)","398907743","6000","7000","31","2027-03-16","2025-03-16 10:58:11"),
("352390077","OKTABUMIN (KAPSUL IKAN GABUS)","740540712","59000","60000","1","2027-03-16","2025-03-16 20:14:58"),
("352705730","NUTRIFLAKES ","612432497","109000","110000","17","2027-03-16","2025-03-16 20:34:00"),
("354467902","FG TROCHES","398907743","20000","21000","5","2026-03-16","2025-03-16 11:21:14"),
("361031042","WOODS MERAH SYRUP 60 ML","740540712","26000","27000","5","2026-03-16","2025-03-16 12:53:33"),
("363530913","FAXIDEN 10 MG (PIROXICAM)","398907743","2000","3000","30","2027-03-16","2025-03-16 12:35:44"),
("363944611","STRIP EASY TOUCH ASAM URAT","740540712","112000","113000","1","2026-03-16","2025-03-16 20:56:07"),
("365875447","STRIP EASY TOUCH KOLESTEROL","740540712","184000","185000","1","2027-03-16","2025-03-16 20:56:29"),
("366082608","MECOBALAMIN","398907743","5000","6000","8","2026-03-16","2025-03-16 12:10:59"),
("366940117","GRANTUSIF","398907743","5000","6000","31","2026-03-16","2025-03-16 11:38:47"),
("368068892","AMLODIPINE 10 MG","398907743","4000","5000","106","2026-03-16","2025-03-16 20:55:45"),
("375001672","PARAMEX NYERI OTOT","398907743","2000","3000","21","2026-03-16","2025-03-16 19:06:25"),
("375945770","HOT IN CREAM MERAH ","740540712","33000","34000","4","2027-03-16","2025-03-16 12:16:01"),
("376062683","PROVE D3 12,5 ML","740540712","299000","300000","2","2026-03-16","2025-03-16 13:54:40"),
("379111152","DECOLSIN ","398907743","3000","4000","24","2027-03-16","2025-03-16 20:01:45"),
("384930570","CATAFLAM 25 (NATRIUM DICLOFENAC 25)","123456789","3500","4500","137","2026-03-16","2025-03-16 10:58:25"),
("385042205","NITROKAF","398907743","29000","30000","10","2026-03-16","2025-03-16 12:00:36"),
("385155933","COMBANTRIN 250 TABLET","398907743","23000","24000","20","2027-03-16","2025-03-16 19:38:21"),
("387576823","SIMVASTATIN 20 MG","398907743","3000","4000","52","2027-03-16","2025-03-16 10:41:13"),
("389678242","PRORIS HIJAU SYRUP 60 ML","740540712","31000","32000","9","2026-03-16","2025-03-16 13:15:53"),
("395046824","LORATDINE 10 MG","398907743","2000","3000","39","2027-03-16","2025-03-16 12:22:35"),
("395518589","NEO RHEUMACYL","398907743","10000","11000","23","2028-03-16","2025-03-16 19:49:22"),
("396005302","PHENACOLD SYRUP 60 ML","740540712","14000","15000","1","2026-03-16","2025-03-16 13:09:42"),
("396904318","NESCO MULTICHECK","612432497","284000","285000","1","2027-03-16","2025-03-16 20:55:04"),
("398197109","ARKAVIT","398907743","3000","4000","6","2026-03-16","2025-03-16 10:41:56"),
("399351200","BALSEM LANG 40 GR","811912527","20000","21000","1","2027-03-16","2025-03-16 12:04:02"),
("400251409","MEDIAMER TABLET","123456789","3000","5000","20","2027-03-16","2025-03-16 21:41:46"),
("401227875","STRIP EASY TOUCH GDS ","612432497","107000","108000","1","2025-03-16","2025-03-16 20:55:41"),
("401808751","DAKTARIN 5 GR (MICONAZOLE)","811912527","33000","34000","6","2027-03-16","2025-03-16 11:18:03"),
("402131307","PROVE D 1000 TABLET","123456789","3000","4000","20","2025-03-16","2025-03-16 21:18:20"),
("405397463","DICLOFENAC SODIUM 25 MG","398907743","4000","5000","8","2027-03-16","2025-03-16 12:41:53"),
("405489475","FRESH CARE MERAH","740540712","14000","15000","8","2027-03-16","2025-03-16 11:36:39"),
("405560680","XAMTHONE","740540712","124000","125000","1","2027-03-16","2025-03-16 20:37:07"),
("406795439","GENTAMICIN CR","811912527","4000","5000","15","2027-03-16","2025-03-16 11:20:20"),
("407225435","COBA 2","811912527","1000","20000","98","2026-03-17","2025-03-17 04:20:38"),
("407600872","SANMOL SYRUP 60 ML","740540712","22000","23000","9","2026-03-16","2025-03-16 13:22:32"),
("408120290","FATIGON SPIRIT","398907743","12000","13000","9","2027-03-16","2025-03-16 19:53:10"),
("408345077","CINOLON SALEP (FLUCINOLON ACETONIDE)","811912527","25000","26000","2","2025-03-16","2025-03-16 11:14:19"),
("409033179","COUNTERPAIN COOL","811912527","34000","35000","3","2027-03-16","2025-03-16 11:15:20"),
("409938324","COUNTERPAIN ","811912527","36000","37000","3","2027-03-16","2025-03-16 11:16:09"),
("416698027","STRIP NESCO KOLESTEROL","740540712","184000","185000","1","2027-03-16","2025-03-16 21:00:12"),
("416745102","SALBUTAMOL 4 MG ","398907743","2000","3000","31","2027-03-16","2025-03-16 10:59:34"),
("417989944","PLOSSA MERAH","740540712","12000","13000","7","2027-03-16","2025-03-16 11:54:11"),
("419150092","RHEMAFAR 8 MG (METHYL PREDNISOLON 8 MG) ","398907743","6000","7000","6","2027-03-16","2025-03-16 10:45:38"),
("419151648","ENTROSTOP CAIR ANAK","594537171","2000","3000","48","2027-03-16","2025-03-16 19:55:05"),
("421229607","MADU TJ JAHE MERAH 150 GR","740540712","29000","30000","3","2025-03-16","2025-03-16 20:37:30"),
("422567234","CENDO EYEFRESH MINIDOSE","811912527","6000","7000","10","2027-03-16","2025-03-16 21:08:00"),
("424626489","SIMVASTATIN 10 ","398907743","2000","3000","42","2027-03-16","2025-03-16 10:42:42"),
("425214116","DEMACOLIN SYRUP 60 ML","740540712","19000","20000","5","2026-03-16","2025-03-16 13:30:23"),
("426308572","SANMOL","398907743","2000","3000","30","2026-03-16","2025-03-16 19:04:23"),
("431230052","CAIRAN SODIUM CHLORIDA 0.9% (NACL)","740540712","9000","10000","3","2027-03-16","2025-03-16 11:33:41"),
("434811671","HANSAPLAST STRIP","811912527","500","500","308","2027-03-16","2025-03-16 20:47:53"),
("437998582","TELON MY BABY ORANGE 90 ML","740540712","26000","27000","1","2027-03-16","2025-03-16 12:04:32"),
("438675541","NOVASTAN (ASAM FENAMAT)","398907743","4000","5000","17","2026-03-16","2025-03-16 12:04:34"),
("439019537","ROVERTON TABLET (AMBROXOL)","398907743","4000","5000","5","2027-03-16","2025-03-16 10:49:35"),
("440196319","MASKER SKRINEER HIJAB HITAM","594537171","18000","19000","2","2027-03-16","2025-03-16 21:49:51"),
("440715330","NEW ANTIDES","398907743","4000","5000","10","2026-03-16","2025-03-16 12:10:04"),
("444213034","MELIA PROPOLIS 30 ML","740540712","177000","178000","1","2025-03-16","2025-03-16 20:14:16"),
("446060749","BETASON SALEP (BETAMETASON)","811912527","9000","10000","26","2027-03-16","2025-03-16 11:10:31"),
("446944069","HANSAPLAST ROLL BESAR","811912527","13000","14000","8","2027-03-16","2025-03-16 20:53:27"),
("446964161","EMTURNAS (PARACETAMOL)","398907743","3000","4000","20","2027-03-16","2025-03-16 12:37:11"),
("449811086","XICALOM 20 (PIROXICAM)","398907743","3000","4000","20","2027-03-16","2025-03-16 10:53:04"),
("452238935","KONDOM SUTRA MERAH","811912527","2000","3000","8","2027-03-16","2025-03-16 21:47:14"),
("452774278","MEDICATED OIL 20 ML","740540712","38000","39000","2","2027-03-16","2025-03-16 12:12:13"),
("453143906","STRIP AUTOSCHECK KOLESTEROL","740540712","185000","190000","1","2028-03-16","2025-03-16 20:56:53"),
("453558027","VICKS 44 SYRUP 27 ML","740540712","12000","13000","1","2026-03-16","2025-03-16 13:02:56"),
("454030815","KOOLFEVER DEWASA","594537171","14000","15000","2","2027-03-16","2025-03-16 19:47:28"),
("455678041","VITAMIN C","398907743","6000","7000","6","2027-03-16","2025-03-16 10:55:10"),
("455865902","ADAMSARI","594537171","2000","3000","18","2026-01-16","2025-03-16 23:00:31"),
("456981384","PAGODA SALEP","811912527","8000","9000","11","2027-03-16","2025-03-16 11:55:55"),
("457239240","NATUR E ACTIVE BEAUTY","612432497","42000","43000","3","2027-03-16","2025-03-16 21:17:18"),
("458078157","FARSEFIN PLUS","398907743","4000","5000","15","2026-03-16","2025-03-16 11:12:30"),
("459762280","GRASOLON 8 (METHYLPREDNISOLONE 8)","398907743","5000","6000","5","2026-03-16","2025-03-16 11:44:17"),
("461253261","DECOLGEN","398907743","2000","3000","37","2027-03-16","2025-03-16 20:02:10"),
("461860466","MINYAK GOSOK BERUANG KECIL","740540712","19000","20000","2","2025-03-16","2025-03-16 11:40:11"),
("463173906","OSKADON EXTRA","398907743","2000","3000","25","2025-03-16","2025-03-16 19:27:06"),
("467610558","SENSITIF COMPACT","811912527","59000","60000","3","2026-03-16","2025-03-16 19:13:31"),
("467667769","MINYAK GREEN OIL 3 ML","740540712","4000","5000","0","2027-03-16","2025-03-16 11:40:37"),
("469338085","AMPICILLIN TRIHYDRATE","398907743","7000","8000","49","2026-03-16","2025-03-16 10:43:39"),
("472587066","GRASOLON 4 (METHYLPREDNISOLONE 4)","398907743","4000","5000","15","2026-03-16","2025-03-16 11:42:39"),
("474553059","CURCUMA SANBE","398907743","13000","14000","9","2026-03-16","2025-03-16 12:37:30");
INSERT INTO produk VALUES
("476083563","MKP CAP LANG 30 ML","740540712","13000","14000","20","2027-03-16","2025-03-16 12:14:49"),
("476497248","PIROXICAM 10","398907743","3000","4000","19","2027-03-16","2025-03-16 11:03:31"),
("478887730","VICKS INHALER","811912527","24000","25000","4","2025-03-16","2025-03-16 21:19:20"),
("481910420","HISTAPAN","398907743","10000","11000","10","2026-03-16","2025-03-16 11:53:20"),
("482605916","NEBACETIN POWDER ","740540712","52000","53000","1","2027-03-16","2025-03-16 11:57:26"),
("483444276","MASKER ALKINDO HITAM","612432497","49000","50000","2","2027-03-16","2025-03-16 20:43:10"),
("483543507","ANTIMO DEWASA","398907743","6000","7000","13","2025-03-16","2025-03-16 19:52:31"),
("483802540","LASERIN SYRUP 30 ML","740540712","7000","8000","3","2026-03-16","2025-03-16 12:57:29"),
("484849165","PROMAG HERBAL CAIR","594537171","3000","3000","16","2027-03-16","2025-03-16 19:44:35"),
("485311795","BEDAK HEROCYN 150 GR ","740540712","21000","22000","1","2027-03-16","2025-03-16 12:18:52"),
("488932696","VERMINT","740540712","47000","48000","1","2025-03-16","2025-03-16 20:13:03"),
("489217016","HUFAGRIPP MERAH SYRUP 60 ML","740540712","19000","20000","3","2026-03-16","2025-03-16 14:15:55"),
("490700721","EGOJI ","594537171","9000","10000","7","2026-03-16","2025-03-16 18:48:16"),
("492277260","AMLODIPINE 5 MG","398907743","2000","3000","63","2026-03-16","2025-03-16 10:28:43"),
("492972304","PROCOLD FLU & BATUK","398907743","4000","5000","48","2027-03-16","2025-03-16 20:02:56"),
("493173831","EMTURNAS FORTE (PARACETAMOL 650)","398907743","4000","5000","9","2025-03-16","2025-03-16 12:36:48"),
("493527102","CALCIUM LACTAT","398907743","4000","5000","100","2026-03-16","2025-03-16 10:55:38"),
("495001521","PROMAG TABLET","398907743","9000","10000","6","2027-03-16","2025-03-16 19:45:11"),
("496629037","BEDAK CALADINE PINK ","740540712","14000","15000","2","2027-03-16","2025-03-16 12:19:40"),
("497783858","ALKOHOL 70% 300 ML","740540712","12000","13000","2","2027-03-16","2025-03-16 11:32:40"),
("498270368","NATUR E WHITE ","612432497","57000","58000","3","2027-03-16","2025-03-16 21:16:53"),
("499945184","FITKOM","740540712","19000","20000","5","2026-03-16","2025-03-16 18:49:31"),
("500176460","TISSU MAGIC MERAH","612432497","14000","15000","1","2027-03-16","2025-03-16 21:47:52"),
("502423015","TEH BAJAKAJ","612432497","25000","26000","1","2027-03-16","2025-03-16 20:07:54"),
("504311688","NEUROSANBE","398907743","17000","18000","10","2026-03-16","2025-03-16 12:09:06"),
("504773569","DEXANTA","398907743","4000","5000","19","2027-03-16","2025-03-16 12:43:04"),
("505536379","MADU FRESHMAG","740540712","17000","171000","2","2025-03-16","2025-03-16 20:29:49"),
("506226518","MINYAK GPU 30 ML","740540712","10000","11000","4","2027-03-16","2025-03-16 12:09:00"),
("507531832","INZANA","398907743","1000","2000","22","2026-03-16","2025-03-16 19:03:12"),
("508887629","PARACETAMOL SYRUP 60 ML","740540712","7000","8000","11","2026-03-16","2025-03-16 13:23:25"),
("510091398","DEXTAMIN ","398907743","25000","26000","18","2027-03-16","2025-03-16 12:37:58"),
("511860003","MELIA PROPOLIS 6 ML","740540712","64000","65000","6","2027-03-16","2025-03-16 20:11:52"),
("514576630","COMBANTRIN SYRUP JERUK","740540712","24000","25000","9","2027-03-16","2025-03-16 19:39:23"),
("514932249","SILADEX HIJAU SYRUP 60 ML","740540712","17000","18000","3","2026-03-16","2025-03-16 13:01:48"),
("515190075","BABY OIL 125 ML","740540712","27000","28000","2","2027-03-16","2025-03-16 12:15:35"),
("515306495","ANTANGIN CAIR","594537171","3000","4000","17","2027-03-16","2025-03-16 20:29:29"),
("515887216","MADU GURAHFIT","740540712","159000","160000","1","2027-03-16","2025-03-16 20:31:17"),
("519623504","VITABUMIN 130 ML","740540712","70000","71000","2","2025-03-16","2025-03-16 20:13:36"),
("519769423","DICLOFENAC SODIUM 50 MG ","398907743","3000","4000","53","2026-03-16","2025-03-16 12:40:26"),
("520972555","BROMIFAR","398907743","2000","3000","100","2026-03-16","2025-03-16 10:52:44"),
("522554382","YUSIMOX SYRUP 60 ML","740540712","7000","8000","7","2026-03-16","2025-03-16 14:07:36"),
("523055583","RHEMAFAR 4 MG (METHYL PREDNISOLON 4)","398907743","3000","4000","49","2027-03-16","2025-03-16 10:46:38"),
("523379227","BALSEM GELIGA 40 GR","740540712","25000","26000","1","2027-03-16","2025-03-16 12:02:32"),
("524807634","MADU TROMBOFIT","740540712","51000","52000","1","2027-03-16","2025-03-16 20:35:33"),
("528139761","ACTIFED ORANGE SYRUP","740540712","86000","87000","1","2027-03-16","2025-03-16 12:44:13"),
("528565910","UNDERPAD","612432497","49000","50000","1","2026-03-16","2025-03-16 19:59:52"),
("530412072","BECOM-ZET","398907743","31000","32000","9","2026-03-16","2025-03-16 10:47:48"),
("533036238","MINYAK GANDAPURA 30 MP","740540712","11000","12000","3","2026-03-16","2025-03-16 12:09:56"),
("533787912","KUNYIT ASAM","612432497","9000","10000","2","2025-03-16","2025-03-16 20:17:36"),
("536280266","BETADIN 15 ML","740540712","19000","20000","4","2026-03-16","2025-03-16 19:50:28"),
("537532639","KOOLFEVER ANAK","594537171","9000","10000","25","2025-03-16","2025-03-16 19:48:03"),
("539230851","ALKOHOL 70% 100 ML","740540712","4000","5000","3","2027-03-16","2025-03-16 11:32:15"),
("540737954","IBUPROFEN 200 NG ","398907743","2000","3000","0","2025-03-16","2025-03-16 12:32:16"),
("542891266","SAFE CARE STRONG MERAH","740540712","19000","20000","13","2025-03-16","2025-03-16 11:34:59"),
("545273165","NOVAFLOX 500","398907743","6000","7000","10","2026-03-16","2025-03-16 12:03:35"),
("545984719","IMBOOST STRIP","398907743","49000","50000","5","2027-03-16","2025-03-16 19:26:26"),
("546020661","TISSU TESSA","811912527","11000","12000","3","2027-03-16","2025-03-16 21:51:43"),
("546928372","NOVAXICAM (PIROXICAM 20)","398907743","4000","5000","40","2026-03-16","2025-03-16 12:06:02"),
("547359843","KONIDIN","398907743","2000","3000","23","2027-05-16","2025-03-16 19:33:05"),
("548214977","MYCORAL TABLET","123456789","5000","6000","167","2027-03-16","2025-03-16 12:26:00"),
("563129603","TABLET TAMBAH DARAH","398907743","3000","4000","18","2027-03-16","2025-03-16 10:56:29"),
("566834827","PUYER 19","594537171","900","1000","58","2027-03-16","2025-03-16 19:32:20"),
("568577634","ROVERTON AMBROXOL HCI SYRUP 60 ML","740540712","6000","7000","7","2026-03-16","2025-03-16 14:11:49"),
("568990911","MEDI-KLIN CR (CLINDAMICYN)","811912527","35000","36000","2","2027-03-16","2025-03-16 11:26:20"),
("570589273","SALEP KULIT 19","811912527","6000","7000","18","2027-03-16","2025-03-16 11:56:18"),
("570990639","PUYER 16","594537171","900","1000","94","2027-03-16","2025-03-16 19:30:06"),
("572062064","ANASTAN FORTE","398907743","3000","4000","28","2026-03-16","2025-03-16 10:36:11"),
("573273980","DAKTARIN 10 GR (MICONAZOLE)","811912527","51000","52000","2","2027-03-16","2025-03-16 11:18:43"),
("574198537","KB ANDALAN 3 BULAN","811912527","9000","10000","18","2027-03-16","2025-03-16 21:12:29"),
("575739289","ZYMUNO 200 ML","740540712","181000","182000","1","2028-03-16","2025-03-16 20:30:14"),
("578399339","VITAMIN B1","398907743","2000","3000","10","2027-03-16","2025-03-16 10:53:31"),
("578863994","IMBOOST KIDS SYRUP","740540712","46000","47000","4","2026-03-16","2025-03-16 14:05:27"),
("578887424","PARATUSIN","398907743","19000","20000","31","2027-03-16","2025-03-16 11:01:16"),
("579292773","MELOXICAM 7,5 MG ","398907743","2000","3000","52","2027-03-16","2025-03-16 12:23:11"),
("580626163","TRIAMINIC SYRUP EXPEKTORAN & PILEK 60 ML","740540712","92000","93000","2","2026-03-16","2025-03-16 13:29:36"),
("581532214","NEBACETIN GEL ","811912527","31000","32000","2","2025-03-16","2025-03-16 11:30:46"),
("582649910","KEJIBELING","398907743","5000","6000","5","2027-03-16","2025-03-16 12:31:08"),
("583552834","BETADINE KUMUR","740540712","29000","30000","2","2025-03-16","2025-03-16 11:31:12"),
("585047470","KETOCONAZOLE TABLET","398907743","5000","6000","7","2027-03-16","2025-03-16 12:30:45"),
("591665495","MINYAK KAPAK 3 ML","740540712","7000","8000","5","2027-03-16","2025-03-16 11:37:30"),
("592624663","ARTIMATIC  (PIROXICAM 20 MG)","398907743","2000","3000","100","2026-12-15","2024-12-15 19:14:35"),
("594913213","FENAMIN (ASAM FENAMAT)","398907743","5000","6000","49","2026-03-16","2025-03-16 11:28:36"),
("597418400","KALPANAX CR","811912527","17000","18000","7","2027-03-16","2025-03-16 11:21:26"),
("597888325","DIAPER NR","398907743","3000","4000","25","2027-03-16","2025-03-16 19:57:52"),
("600140707","MASKER SKRINEER EARLOOP PUTIH","594537171","16000","17000","2","2027-03-16","2025-03-16 21:50:17"),
("600303029","MASKER BEDAH OM EARLOOP","612432497","34000","35000","2","2027-03-16","2025-03-16 20:44:59"),
("600362196","LANCAR ASI ","612432497","64000","65000","2","2027-03-16","2025-03-16 20:11:08"),
("602579933","BEDAK CALADINE BABY 55 GR","740540712","9000","10000","4","2027-03-16","2025-03-16 12:20:30"),
("602804456","TELON LANG PLUS PUTIH 15 ML","740540712","6000","7000","5","2025-03-16","2025-03-16 12:06:45"),
("604145366","BEDAK NEO ULTARCYN ","740540712","16000","17000","1","2025-03-16","2025-03-16 12:17:36"),
("604421493","PRIMOLUT N","398907743","119000","12000","2","2027-03-16","2025-03-16 21:14:55"),
("604950725","ACYCLOVYR SALEP","811912527","4000","5000","15","2027-03-16","2025-03-16 11:09:01"),
("606049713","SALBUTAMOL 2 MG","398907743","1000","2000","13","2027-03-16","2025-03-16 10:42:05"),
("609696192","VOLTAREN EMULGEL (DICLOFENAC)","811912527","122000","123000","2","2027-03-16","2025-03-16 11:30:15"),
("609756960","MYLANTA TABLET ","0","9000","10000","20","2027-05-16","2025-03-16 19:42:54"),
("612110094","NATUR E ADVANCE","612432497","47000","48000","3","2027-03-16","2025-03-16 21:15:57"),
("612814547","DIAPET 10 KAPSUL","398907743","7000","8000","7","2027-03-16","2025-03-16 19:58:59"),
("613747456","FAXIDEN 20 (PIROXICAM 20)","398907743","3000","4000","32","2026-03-16","2025-03-16 11:14:40"),
("615419678","FLUTAMOL","398907743","6000","7000","24","2026-03-16","2025-03-16 11:11:44"),
("617075088","PARATUSIN SYRUP 60 ML","740540712","41000","42000","4","2026-03-16","2025-03-16 13:31:05");
INSERT INTO produk VALUES
("617202383","NATUR E SKIN START","612432497","22000","23000","3","2027-03-16","2025-03-16 21:17:40"),
("617352372","ANADIUM","123456789","10000","12000","26","2026-03-16","2025-03-16 10:38:08"),
("618471172","BODREX MIGRA","398907743","2000","3000","61","2026-03-16","2025-03-16 18:54:45"),
("619455571","COBA","398907743","1000","10000","44","2026-03-17","2025-03-17 04:20:05"),
("619578424","COOLLING 5 BIRU (SARIAWA)","740540712","43000","44000","2","2025-03-16","2025-03-16 21:01:59"),
("621430753","ROHTO TETES MATA","740540712","14000","15000","4","2027-03-16","2025-03-16 21:04:01"),
("623603061","HYDROCORTYSON SALEP","811912527","4000","5000","13","2027-03-16","2025-03-16 11:20:58"),
("626881588","CHLORPHENAMINE MALEATE","398907743","1000","2000","3","2026-03-16","2025-03-16 12:31:04"),
("628105664","FORUMEN TETES TELINGA","740540712","39000","40000","2","2027-03-16","2025-03-16 21:13:36"),
("628924363","ANTASIDA DOEN","398907743","2000","3000","6","2026-03-16","2025-03-16 10:33:16"),
("630358913","AMBROXOL HCI SYRUP 60 ML","740540712","5000","6000","4","2026-03-16","2025-03-16 14:11:01"),
("635903889","PIMTRAKOL SYRUP BIRU 60 ML","740540712","17000","18000","2","2026-03-16","2025-03-16 13:40:00"),
("636458612","MADU TJ MURNI 500 GR","740540712","71000","72000","2","2025-03-16","2025-03-16 20:38:47"),
("637247564","KOMIX KUNING","594537171","2000","3000","60","2027-03-16","2025-03-16 20:26:28"),
("639002891","TERMOREX SYRUP","740540712","11000","12000","17","2026-03-16","2025-03-16 13:26:04"),
("642698173","MYCORAL SALEP","811912527","19000","20000","4","2027-03-16","2025-03-16 11:24:39"),
("644094199","VITAQUIN CR (HYDROQUINON CR)","811912527","88000","89000","1","2027-03-16","2025-03-16 11:26:56"),
("645530326","PRORIS BIRU SYRUP 50 ML","740540712","36000","37000","6","2026-03-16","2025-03-16 13:14:14"),
("646199460","POLYSILANE TABLET","398907743","10000","11000","9","2027-03-16","2025-03-16 19:42:17"),
("648074382","YUSIMOX TABLET (AMOXICILIN)","398907743","6000","7000","10","2027-03-16","2025-03-16 10:52:28"),
("648232688","OBH COMBI ANAK SYRUP 60 ML","740540712","19000","20000","11","2026-03-16","2025-03-16 13:46:14"),
("653303922","TELON LANG ORANGE 30 ML","740540712","11000","12000","5","2027-03-16","2025-03-16 12:07:49"),
("660168442","MBK POWDER SILVER","594537171","3000","4000","24","2027-03-16","2025-03-16 20:16:11"),
("663851434","LELAP","398907743","14000","15000","20","2027-03-16","2025-03-16 19:53:44"),
("665508017","POLYSILANE SYRUP 100 ML","740540712","28000","29000","1","2026-03-16","2025-03-16 14:02:18"),
("668982424","TEH KULIT MANGGIS","612432497","14000","15000","1","2025-03-16","2025-03-16 20:08:30"),
("669912721","HEMAVITON","398907743","19000","20000","10","2027-03-16","2025-03-16 19:48:41"),
("673622010","BALSEM GELIGA 20 GR","811912527","10000","11000","1","2027-03-16","2025-03-16 12:02:55"),
("675164750","PONSTAN (ASAM MEFENEMAT)","123456789","3000","4000","57","2027-03-16","2025-03-16 10:50:33"),
("676463042","MINYAK GANDAPURA 60 ML","740540712","15000","16000","2","2027-03-16","2025-03-16 12:10:22"),
("678398263","LACTACYD BABY HIJAU","740540712","35000","36000","3","2025-03-16","2025-03-16 12:17:07"),
("683468546","HUFAGRIPP BIRU SYRUP 60 ML","740540712","20000","21000","2","2026-03-16","2025-03-16 14:16:24"),
("684430017","ENERVON-C","398907743","5000","6000","23","2027-03-16","2025-03-16 19:50:35"),
("688598783","TROPIDROL 4 MG (METHYL PREDNISOLON?","398907743","4000","5000","5","2027-03-16","2025-03-16 10:59:01"),
("688891267","SILADEX BIRU SYRUP 30 ML","740540712","10000","11000","4","2026-03-16","2025-03-16 12:58:55"),
("688955741","MASKER SKRINEER HIJAB PUTIH","594537171","18000","19000","2","2027-03-16","2025-03-16 21:49:26"),
("690305029","FARSIFEN 400 (IBU PROFEN)","398907743","5000","6000","35","2026-03-16","2025-03-16 11:34:40"),
("692190829","MADU TJ JERUK SACHET","594537171","500","1000","12","2027-03-16","2025-03-16 21:22:16"),
("692444276","ALLERGEN","398907743","2000","3000","40","2026-03-16","2025-03-16 10:32:23"),
("693706707","SILADEX MERAH SYRUP 30 ML","398907743","10000","11000","1","2025-03-16","2025-03-16 13:00:04"),
("693708778","MEDICATED OIL 40 ML","740540712","64000","65000","2","2027-03-16","2025-03-16 12:11:45"),
("694851834","FARSIFEN SYRUP 60 ML","740540712","9","10","7","2026-03-16","2025-03-16 13:12:55"),
("698249527","FASIDOL SYRUP ORENS 60 ML","0","7000","8000","5","2026-03-16","2025-03-16 13:19:44"),
("701885034","KOMIX HUJAU","594537171","2000","3000","68","2027-03-16","2025-03-16 20:28:15"),
("706884739","MADU TJ MURNI 250 GR","740540712","42000","43000","2","2025-03-16","2025-03-16 20:38:21"),
("708692311","BETADIN 5 ML","740540712","7000","8000","3","2026-03-16","2025-03-16 19:48:00"),
("713597267","DEXAMETASONE 0,75","398907743","3000","4000","51","2027-03-16","2025-03-16 12:42:46"),
("714562321","PRVE D 5000 TABLET","123456789","5000","6000","30","2027-03-16","2025-03-16 21:18:38"),
("714738061","SILADEX MERAH SYRUP 60 ML","740540712","17000","18000","2","2026-03-16","2025-03-16 12:59:27"),
("717212474","BODREX FLU & BATUK PE","398907743","2000","3000","53","2026-03-16","2025-03-16 18:53:36"),
("717753193","MINYAK KAPAK 5 ML","740540712","12000","13000","1","2027-03-16","2025-03-16 11:37:50"),
("719377408","HANDSCOON ALTAMED BOX","612432497","34000","35000","1","2025-03-16","2025-03-16 20:46:16"),
("720508501","GABAPENTIN 300","398907743","9000","10000","0","2026-03-16","2025-03-16 11:50:38"),
("721133310","MEFINAL (ASAM MEFENAMAT)","398907743","16650","22000","23","2027-03-16","2025-03-16 12:26:27"),
("721136112","ANAKONIDIN OBH SYRUP 30 ML","612432497","10000","11000","0","2026-03-16","2025-03-16 14:14:59"),
("721306717","EASY TOUCH MULTICHECK","612432497","284000","285000","1","2025-03-16","2025-03-16 20:54:45"),
("723010766","OBH TROPICA PLUS SYRUP 60 ML","740540712","24000","25000","2","2026-03-16","2025-03-16 13:42:50"),
("724120052","ALKOHOL SWAB","612432497","22000","23000","3","2027-03-16","2025-03-16 20:45:29"),
("726149774","MADU ZESMAG","740540712","164000","165000","1","2025-03-16","2025-03-16 20:32:02"),
("729641422","AMOXICILLIN SYRUP 60 ML","740540712","6000","7000","4","2026-03-16","2025-03-16 14:06:01"),
("729704845","BODREXIN DEMAM SYRUP ","740540712","15000","16000","3","2026-03-16","2025-03-16 13:16:43"),
("729793458","TEMPRA DROPS SYRUP 15 ML","740540712","59000","60000","3","2026-03-16","2025-03-16 13:25:14"),
("730815756","VICKS 44 SYRUP 54 ML","740540712","24000","25000","3","2026-03-16","2025-03-16 13:03:28"),
("732345677","CEFIXIME 100","398907743","10000","11000","30","2026-03-16","2025-03-16 11:05:09"),
("735230297","KADITIC 50 MG","398907743","4000","5000","16","2027-03-16","2025-03-16 12:31:42"),
("735452201","PERBAN ANTI AIR 10 X 12 CM","811912527","15000","16000","10","2026-03-16","2025-03-16 19:56:30"),
("736304532","CARBIDU 0,5 (DEXAMETASONE 0,5)","398907743","2000","3000","26","2026-03-16","2025-03-16 11:00:01"),
("737742308","METHYL PREDNISOLON 4 MG ","398907743","3000","4000","96","2027-03-16","2025-03-16 12:25:06"),
("739183378","DEXAMETASON 0,5 MG","398907743","2000","3000","37","2025-03-16","2025-03-16 12:38:42"),
("739189643","HUFAMAG PLUS","398907743","4000","5000","29","2026-03-16","2025-03-16 11:51:41"),
("739685787","MADU KURMA MAGGIS PLUS PROPOLIS","740540712","25000","26000","1","2027-03-16","2025-03-16 20:32:37"),
("739798765","TERMOMETER BADAN","740540712","34000","35000","3","2027-03-16","2025-03-16 20:53:56"),
("741630412","INSTO COOL","740540712","18000","19000","8","2027-03-16","2025-03-16 21:04:28"),
("743114922","FARGETIX (MEFENAMIC ACID)","398907743","3000","4000","19","2026-03-16","2025-03-16 11:13:30"),
("745660670","RIVANOL 300 ML","740540712","9000","10000","2","2026-03-16","2025-03-16 19:47:13"),
("749494259","NOVAMOX (AMOXILIN)","398907743","7000","8000","7","2026-03-16","2025-03-16 11:59:31"),
("751609802","ORALIT","594537171","400","500","89","2026-03-16","2025-03-16 19:11:01"),
("752672648","RIVANOL 100","740540712","4000","5000","2","2026-03-16","2025-03-16 19:46:39"),
("756485270","ATORVASTATIN CALCIUM","398907743","9000","10000","13","2026-03-16","2025-03-16 21:30:54"),
("756546928","SALEP 24","811912527","7000","8000","3","2027-03-16","2025-03-16 11:28:35"),
("759819439","CIPROFLOXACIN","398907743","7000","8000","6","2026-03-16","2025-03-16 12:32:57"),
("763888611","SALONPAS KOYO HIJAU","594537171","9000","10000","55","2027-03-16","2025-03-16 19:40:10"),
("768557439","MBK POWDER PUTIH","594537171","2000","3000","21","2027-03-16","2025-03-16 20:17:07"),
("769642013","MYLANTA SYRUP 50 ML","740540712","18000","19000","4","2026-03-16","2025-03-16 14:00:56"),
("771461498","CESSA MERAH","740540712","35000","36000","4","2027-03-16","2025-03-16 11:56:39"),
("771474397","MKP CAP LANG 120 ML","740540712","47000","48000","14","2027-03-16","2025-03-16 12:13:53"),
("773542629","FUROSEMID 40 MG","398907743","4000","5000","31","2026-03-16","2025-03-16 11:09:45"),
("775386891","KOMIX HERBAL","594537171","2000","3000","9","2027-03-16","2025-03-16 20:24:13"),
("775906131","JAMU LANGSING","740540712","54000","55000","1","2025-03-16","2025-03-16 20:12:10"),
("776057769","FLUCADEX","398907743","6000","7000","0","2026-03-16","2025-03-16 11:30:03"),
("776882146","PIL KB ANDALAN LAKTASI MERAH","398907743","14000","15000","26","2027-03-16","2025-03-16 19:35:39"),
("777192113","ANTALAGINPIM","398907743","4000","5000","4","2026-03-16","2025-03-16 10:34:32"),
("778756443","MINYAK GREEN OIL 10 ML","740540712","13000","14000","1","2027-03-16","2025-03-16 11:41:29"),
("778999148","STRIP NESCO GDS","740540712","102000","103000","3","2025-03-16","2025-03-16 20:59:36"),
("781900226","AILIN COOL","740540712","24000","25000","3","2025-03-16","2025-03-16 21:01:09"),
("783677718","PIL KB MICROGYNON KUNING","612432497","25000","26000","8","2027-03-16","2025-03-16 19:36:55"),
("786451767","CETRIZENE HYDROCHLORIDE SYRUP 60 ML","740540712","7000","8000","6","2026-03-16","2025-03-16 14:10:28"),
("790933104","TROPSINE 60 ML","740540712","101000","102000","2","2026-03-16","2025-03-16 13:52:14"),
("791124024","TOLAK ANGIN ANAK","594537171","3000","4000","36","2025-03-16","2025-03-16 20:22:33"),
("791738055","STRIP AUTOCHECK GDS","740540712","96000","97000","1","2027-03-16","2025-03-16 20:58:20");
INSERT INTO produk VALUES
("792492899","OMEPRAZOLE 20 MG","398907743","4000","5000","69","2027-03-16","2025-03-16 11:05:52"),
("792908436","AMOXILLIN","0","6000","7000","9","2026-03-16","2025-03-16 10:40:32"),
("794803176","KAPAS PUTIH","811912527","4000","5000","1","2026-03-16","2025-03-16 19:54:13"),
("797779576","AMOXICILLIN","398907743","6000","7000","184","2026-03-16","2025-03-16 21:14:36"),
("801168513","SALONPAS KOYO MERAH","594537171","9000","10000","28","2027-03-16","2025-03-16 19:41:09"),
("804528381","BENOSON N (BETAMETASON & NEOMICYN)","811912527","23000","24000","14","2027-03-16","2025-03-16 11:11:16"),
("804849136","TRIAMINIC SYRUP BATUK & PILEK 60 ML","740540712","92000","93000","2","2026-03-16","2025-03-16 13:28:34"),
("806647277","FASIDOL PARACETAMOL DROPS SYRUP 15 ML","740540712","14000","15000","7","2026-03-16","2025-03-16 13:20:36"),
("806765596","GUAIFENESIN","398907743","1000","2000","0","2026-03-16","2025-03-16 11:37:52"),
("808688290","PARACETAMOL","398907743","1000","3000","67","2027-11-30","2024-11-18 09:38:36"),
("809993815","ERLAMCETYN SALEP MATA","811912527","14000","15000","4","2027-03-16","2025-03-16 21:08:24"),
("812164827","TELON MY BABY HIJAU 90 ML","740540712","24000","25000","2","2027-03-16","2025-03-16 12:05:06"),
("814388867","TEST PACK","811912527","4000","5000","92","2027-03-16","2025-03-16 20:52:24"),
("815193953","FRESH CARE HIJAU","811912527","14000","15000","8","2027-03-16","2025-03-16 11:36:59"),
("815537844","SILADEX BIRU SYRUP 60 ML","740540712","17000","18000","7","2026-03-16","2025-03-16 12:58:26"),
("816350486","PEDITOX (OBAT KUTU)","740540712","10000","11000","1","2027-03-16","2025-03-16 21:19:46"),
("818656277","BENECOL","740540712","7000","8000","96","2026-01-17","2025-03-17 17:15:32"),
("818852406","KANDISTATIN SYRUP 12 ML","740540712","56000","57000","2","2026-03-16","2025-03-16 13:08:49"),
("820149727","ACETYL CYSTEIN","398907743","7080","12000","3","2027-08-01","2025-03-16 10:03:48"),
("820625432","COMBANTRIN 125 TABLET","398907743","22000","23000","22","2025-03-16","2025-03-16 19:37:42"),
("822153522","DOMPERIDON TABLET 10 MG","398907743","3000","4000","27","2027-03-16","2025-03-16 12:39:39"),
("823699944","MKP CAP LANG 210 ML","740540712","94000","95000","2","2026-03-16","2025-03-16 12:13:10"),
("824731965","DOMPERIDONE SYRUP 60 ML","740540712","6000","7000","1","2026-03-16","2025-03-16 14:09:12"),
("824871890","GLIMEPIRID 2 MG","398907743","2000","3000","62","2026-03-16","2025-03-16 11:40:11"),
("826095078","TEH MS-MAXS","612432497","14000","15000","1","2027-03-16","2025-03-16 20:09:01"),
("829062088","CLOPIDOGREL","398907743","9000","10000","11","2026-03-16","2025-03-16 12:38:33"),
("829381690","BUAVITA JAMBU","740540712","7000","8000","49","2027-03-18","2025-03-18 17:00:05"),
("829760879","DROPS ROVERTON AMBROXOL HCI SYRUP 15 ML","740540712","11000","12000","2","2026-03-16","2025-03-16 14:12:42"),
("832253680","KUNYIT ASAM SIRIH","612432497","9000","10000","4","2025-03-16","2025-03-16 20:18:08"),
("835122462","STRIP AUTOCHECK ASAM URAT","740540712","117000","118000","1","2027-03-16","2025-03-16 20:57:25"),
("835962125","BECOME-C","398907743","23000","24000","6","2026-03-16","2025-03-16 10:45:59"),
("837119223","DEXA-M 0,75","398907743","2000","3000","37","2026-03-16","2025-03-16 12:43:28"),
("837378791","TRANSPULMIN BABY","811912527","89000","90000","2","2027-03-16","2025-03-16 11:29:43"),
("838462931","NEUROSANBE PLUS","398907743","17000","18000","9","2027-03-16","2025-03-16 11:07:22"),
("838813647","ANTANGIN JUNIOR SACHET","594537171","2000","3000","3","2027-03-16","2025-03-16 20:34:32"),
("839668390","NEUROBION","398907743","34000","35000","10","2027-03-16","2025-03-16 11:07:52"),
("842360465","NEUROBION FORTE","398907743","54000","55000","10","2027-03-16","2025-03-16 11:08:15"),
("843444902","","0","0","0","0","0000-00-00","2025-03-16 10:44:36"),
("844918169","SAFE CARE LAVENDER UNGU","740540712","19000","20000","2","2027-03-16","2025-03-16 11:35:28"),
("845083859","TEH JATI CINA","612432497","15000","16000","1","2026-03-16","2025-03-16 20:08:11"),
("849444460","OSKADON SP","398907743","2000","3000","25","2025-03-16","2025-03-16 19:27:38"),
("850052180","TEH KOTAK","740540712","4000","5000","45","2027-03-18","2025-03-18 16:55:29"),
("851472383","ACYCLOVIR TAB 400","398907743","7670","13000","5","2027-04-01","2025-03-16 10:04:50"),
("855877391","BODREX TABLET ISI 10 ","398907743","4000","5000","61","2026-03-16","2025-03-16 18:57:56"),
("856771367","ONDANSETRON 4 MG ","398907743","4000","5000","10","2027-03-16","2025-03-16 11:05:18"),
("857652449","TELON MY BABY HIJAU 150 ML","740540712","37000","38000","4","2027-03-16","2025-03-16 12:05:38"),
("860151465","MKP CAP LANG 15 ML","740540712","6000","8000","21","2027-03-16","2025-03-16 12:15:12"),
("863664950","ACTIFED MERAH SYRUP","740540712","86000","87000","1","2027-03-16","2025-03-16 12:44:40"),
("863974114","KETOCONAZOLE SALEP","811912527","4000","5000","16","2027-03-16","2025-03-16 11:22:25"),
("865810026","FARSIFEN 200 (IBU PROFEN)","398907743","3000","4000","27","2026-03-16","2025-03-16 11:31:23"),
("870362480","BODREX EXTRA","398907743","2000","3000","68","2026-03-16","2025-03-16 18:55:47"),
("870949195","DEXTAF ","398907743","2000","3000","17","2027-03-16","2025-03-16 12:40:55"),
("876479276","MINYAK ANGIN LANG 3 ML","740540712","7000","8000","3","2027-03-16","2025-03-16 11:42:07"),
("883471415","ASPILET","398907743","9000","10000","20","2026-03-16","2025-03-16 10:44:39"),
("885018081","DEMACOLIN","398907743","6000","7000","30","2026-03-16","2025-03-16 12:44:29"),
("885627657","METRONIDAZOLE","398907743","3000","4000","16","2027-03-16","2025-03-16 12:27:02"),
("887178046","GRADINE (LORATADIN)","398907743","5000","6000","3","2027-03-16","2025-03-16 21:15:36"),
("887194056","ASAM TRANEXAMAT 500 MG","398907743","14000","15000","8","2027-03-16","2025-03-16 10:55:55"),
("888373187","ERALMCETYN PLUS TETES MATA","740540712","20000","21000","2","2027-03-16","2025-03-16 21:00:49"),
("888400073","ANDALAN PIL KB BIRU","398907743","9000","10000","152","2027-03-16","2025-03-16 19:35:01"),
("890654729","NOVAGESIC (PARACETAMOL)","398907743","4000","5000","4","2026-03-16","2025-03-16 11:58:27"),
("891057478","ANAKONIDIN OBH SYRUP 60 ML","740540712","17000","18000","1","2026-03-16","2025-03-16 14:14:30"),
("894111885","CEFADROXIL MONOHYDRATE","398907743","14000","15000","20","2026-03-16","2025-03-16 11:06:36"),
("894513346","BETADINE 60 ML","740540712","54000","55000","3","2026-03-16","2025-03-16 19:51:51"),
("894740543","","0","0","0","0","0000-00-00","2025-03-16 20:57:54"),
("894906850","SANGOBION","398907743","24000","25000","20","2026-03-16","2025-03-16 19:08:42"),
("895683986","ALLOPURINOL 300 MG","398907743","5000","6000","29","2026-03-16","2025-03-16 10:31:00"),
("895757210","MADU TJ JAHE MERAH 250 GR","740540712","44000","45000","2","2025-03-16","2025-03-16 20:37:56"),
("898844678","GABAPENTIN 100","398907743","6000","7000","9","2026-03-16","2025-03-16 11:36:02"),
("901654121","STOP COLD","398907743","3000","4000","23","2026-03-16","2025-03-16 19:07:46"),
("904817274","LACTACYD BABY BIRU","740540712","35000","36000","3","2027-03-16","2025-03-16 12:16:48"),
("904922774","NIFEDIPINE","398907743","4000","5000","10","2026-03-16","2025-03-16 12:01:23"),
("908990617","INHALER LANG","811912527","9000","10000","4","2025-03-16","2025-03-16 20:06:56"),
("910070640","DULCOLAX STRIP","398907743","11000","12000","17","2027-03-16","2025-03-16 20:00:33"),
("911698494","PLOSSA KECIL KUNING HIJAU","740540712","7000","8000","2","2027-03-16","2025-03-16 11:55:30"),
("916482701","FASIDOL PARACETAMOL","398907743","4000","5000","8","2026-03-16","2025-03-16 11:33:15"),
("917581798","BETAHISTIN","398907743","4000","5000","7","2026-03-16","2025-03-16 10:46:47"),
("918006968","ANAKONIDIN SYRUP 60","740540712","15000","16000","2","2026-03-16","2025-03-16 14:13:32"),
("919560732","TISSU JOLLY","811912527","9000","10000","2","2027-03-16","2025-03-16 21:51:20"),
("920725699","BETADIN 30 ML","740540712","33000","34000","1","2026-03-16","2025-03-16 19:51:02"),
("921014302","CLINDAMICIN","398907743","9000","10000","5","2026-03-16","2025-03-16 12:34:02"),
("924714372","MADU TJ ORIGINAL SACHET","594537171","500","1000","17","2027-03-16","2025-03-16 21:22:41"),
("924720679","PAPAVERINE 40 MG","398907743","4000","5000","20","2025-03-16","2025-03-16 11:02:19"),
("927722552","MADU HERBAPROS","740540712","159000","160000","1","2027-03-16","2025-03-16 20:30:47"),
("934550604","BODREXIN FLU & BATUK PE SYRUP 56 ML","740540712","14000","15000","3","2026-03-16","2025-03-16 13:43:59"),
("935186443","PLOSSA KUNING HIJAU","740540712","12000","13000","2","2027-03-16","2025-03-16 11:46:31"),
("935405269","ACETYL CYSTEIN","398907743","7080","12000","4","2027-08-01","2025-03-16 10:03:48"),
("935891598","CENDO LYTERS MINIDOSE","811912527","6000","7000","31","2027-03-16","2025-03-16 21:07:24"),
("938456993","CEFIXIME 200","398907743","27000","28000","18","2026-03-16","2025-03-16 11:07:56"),
("940306027","STRIP NESCO ASAM URAT","740540712","106000","107000","3","2027-03-16","2025-03-16 20:59:00"),
("941841934","VICKS VAPORUB 10 GR ","811912527","9000","10000","3","2027-03-16","2025-03-16 11:58:27"),
("942499439","LAMANDEL","612432497","29000","30000","1","2027-03-16","2025-03-16 20:11:26"),
("942734690","OBH COMBI SYRUP 60 ML","740540712","17000","18000","3","2026-03-16","2025-03-16 12:52:32"),
("944937976","CAIRAN RINGER LACTAT RL","740540712","11000","12000","4","2027-03-16","2025-03-16 11:33:09"),
("945934195","MINYAK KAPAK 14 ML","740540712","28000","29000","1","2027-03-16","2025-03-16 11:38:29"),
("949919548","NEO ULTRASILINE SALEP (CLOTRIMAZOLE)","811912527","12000","13000","10","2027-03-16","2025-03-16 11:25:44"),
("950530790","SILEX SYRUP 100 ML","740540712","91000","92000","1","2026-03-16","2025-03-16 13:04:07"),
("950551281","SILADEX HIJAU SYRUP 30 ML","740540712","10000","11000","3","2026-03-16","2025-03-16 13:02:13"),
("953610740","PROMAG SYRUP 60 ML","740540712","16000","17000","5","2026-03-16","2025-03-16 14:03:01"),
("957256780","OBH TROPICA EXTRA SYRUP 60 ML","740540712","22000","23000","4","2026-03-16","2025-03-16 13:41:59");
INSERT INTO produk VALUES
("958155046","PAGODA PASTILES","811912527","9000","10000","2","2026-03-16","2025-03-16 18:56:24"),
("958710464","WOODS BIRU SYRUP 60 ML","740540712","26000","27000","4","2026-03-16","2025-03-16 12:54:15"),
("961155200","MINYAK TAWON CC","740540712","27000","28000","22","2027-03-16","2025-03-16 12:00:15"),
("961496815","NEUROSANBE INJEKSI","811912527","9000","10000","10","2027-03-16","2025-03-16 21:11:26"),
("966806301","PLOSSA HIJAU","811912527","12000","13000","6","2027-03-16","2025-03-16 11:46:04"),
("968489753","MKP CAP LANG 60 ML","740540712","13000","25000","19","2027-03-16","2025-03-16 12:14:22"),
("970822348","IMBOOST FORCE TABLET","123456789","7000","8000","118","2027-03-16","2025-03-16 12:32:50"),
("972769192","BLOOD LANCET","612432497","22000","23000","4","2026-03-16","2025-03-16 20:02:11"),
("975027914","CANESTAN SALEP (KLOTRIMAZOL)","811912527","32000","33000","7","2025-03-16","2025-03-16 11:12:45"),
("984416550","COLCHISINE","398907743","13000","14000","0","2026-03-16","2025-03-16 12:35:16"),
("985636612","BISOLVON EXTRA SYRUP","740540712","61000","62000","1","2027-03-16","2025-03-16 12:43:52"),
("986617992","BETAMETASON SALEP","811912527","4000","5000","23","2027-03-16","2025-03-16 11:12:06"),
("989518387","ADEM SARI SACHET","594537171","2000","3000","10","2027-03-16","2025-03-16 20:10:20"),
("991288677","HYOSCINE BUTYLBROMIDE","398907743","11000","12000","6","2025-03-16","2025-03-16 12:34:41"),
("992237316","KONDOM SUTRA HITAM","811912527","2000","3000","5","2027-03-16","2025-03-16 21:47:36"),
("993893911","KOMIX ANAK STRAWBERRY","594537171","2000","3000","18","2027-03-16","2025-03-16 20:23:43"),
("996468194","TEH DAUN SIRSAK","612432497","15000","16000","1","2025-03-16","2025-03-16 20:10:43"),
("999024887","TRIAMINIC SYRUP PILEK 60 ML","740540712","92000","93000","2","2026-03-16","2025-03-16 13:27:54"),
("999825574","PERBAN ANTI AIR 10 X 25 CM","811912527","9000","10000","10","2026-03-16","2025-03-16 19:55:27");


DROP TABLE satuan;

CREATE TABLE `satuan` (
  `id_stn` int(10) NOT NULL,
  `nama_stn` varchar(50) NOT NULL,
  `wkt_stn` datetime NOT NULL,
  PRIMARY KEY (`id_stn`)
) ENGINE=InnoDB DEFAULT CHARSET=latin1 COLLATE=latin1_swedish_ci;


INSERT INTO satuan VALUES
("123456789","TABLET","2020-03-21 16:40:14"),
("398907743","STRIP","2020-03-21 17:37:50"),
("594537171","SACHET","2025-03-16 13:05:43"),
("612432497","BOX","2022-10-09 14:20:39"),
("740540712","BOTOL","2022-05-30 11:07:13"),
("811912527","PCS","2025-03-13 22:59:53");


DROP TABLE supplier;

CREATE TABLE `supplier` (
  `id_supp` int(10) NOT NULL,
  `nama_supp` varchar(150) NOT NULL,
  `almt_supp` text NOT NULL,
  `kntk_supp` varchar(15) NOT NULL,
  `wkt_supp` datetime NOT NULL,
  PRIMARY KEY (`id_supp`)
) ENGINE=InnoDB DEFAULT CHARSET=latin1 COLLATE=latin1_swedish_ci;


INSERT INTO supplier VALUES
("615895079","PT BINAYA JAYA","JL PELITA RAYA","0411 434831","2025-01-19 10:38:07"),
("878989140","PT PHARMA INDO ABADI","Jl. Ir. Sutami Pergudangan","04114720052","2025-01-19 10:37:04"),
("934628516","PT BINA SAN PRIMA","kompleks pergudangan & industri parangloe indah blok l1 no 2,3 & 6 makassar","0411 4730510","2025-03-19 21:57:21");


DROP TABLE user;

CREATE TABLE `user` (
  `id_usr` int(10) NOT NULL,
  `nama_usr` varchar(150) NOT NULL,
  `user_usr` varchar(50) NOT NULL,
  `pass_usr` varchar(150) NOT NULL,
  `lvl_usr` int(2) NOT NULL,
  `wkt_usr` datetime NOT NULL,
  PRIMARY KEY (`id_usr`)
) ENGINE=InnoDB DEFAULT CHARSET=latin1 COLLATE=latin1_swedish_ci;


INSERT INTO user VALUES
("151357708","SIMPATIG","simpatig","e10adc3949ba59abbe56e057f20f883e","1","2025-03-13 23:05:49"),
("259534560","SELA","sela","aa4d0e45d5e7ca1f1424d571c9d052c1","2","2025-03-11 12:13:42"),
("703095392","ADMINISTRATOR WEBSITE","admin","21232f297a57a5a743894a0e4a801fc3","1","2020-03-21 23:02:31"),
("763572578","AISYAH","aisyah","a6f48e4736d11f919375b4760a5e4715","2","2025-03-18 10:42:45"),
("907242828","USER","user","e10adc3949ba59abbe56e057f20f883e","2","2025-03-10 21:45:02");


